종목명,현재가,전일비,등락률,액면가,시가총액,상장주식수,외국인비율,거래량,PER,ROE
삼성전자,77300,100,-0.13,100,4614642,5969783,51.98,11846941,16.28,9.99
SK하이닉스,104000,1500,-1.42,5000,757122,728002,46.87,2184456,13.01,9.53
"NAVER",405500,5500,1.38,100,666088,164263,56.56,572573,4.03,15.22
삼성바이오로직스,922000,2000,0.22,2500,610041,66165,10.61,46551,182.21,NA
삼성전자우,71700,100,-0.14,100,590010,822887,75.25,1049103,15.1,NA
LG화학,761000,1000,0.13,5000,537208,70592,46.43,398670,20.5,2.93
카카오,119500,4500,3.91,100,531766,444992,30.47,5290884,111.37,2.7
삼성SDI,726000,5000,-0.68,5000,499230,68765,44.91,163704,53.79,4.54
현대차,207000,1500,-0.72,5000,442293,213668,28.65,409939,15,2.04
셀트리온,274500,10000,-3.51,1000,378631,137935,20.98,623545,64.36,16.68
기아,82600,1600,-1.9,5000,334830,405363,34.68,1168511,9.64,5.05
카카오뱅크,69000,2600,3.92,5000,327819,475100,5.37,2107645,223.3,5.08
POSCO,345000,1500,-0.43,5000,300795,87187,55.24,472423,7.8,3.61
현대모비스,260000,3000,-1.14,5000,246462,94793,35.19,249174,11.16,4.66
크래프톤,493000,7000,-1.4,100,241331,48951,6.23,209142,42.45,61.86
삼성물산,128000,2500,-1.92,100,239215,186887,15.16,289244,14.6,3.81
SK이노베이션,249000,3500,1.43,5000,230239,92466,23.27,397166,-51.58,-13.58
LG전자,139500,1000,-0.71,5000,228289,163648,30.54,577803,16.88,13.23
SK텔레콤,308500,1500,-0.48,500,222306,72060,44.35,176131,11.71,6.44
KB금융,53000,1500,2.91,5000,220378,415808,67.51,1353903,5.22,8.53
SK바이오사이언스,274500,15500,5.98,500,209992,76500,5.64,1931561,133.71,13.25
LG생활건강,1339000,2000,0.15,5000,209128,15618,45.12,29018,28.11,17.92
신한지주,39650,700,1.8,5000,204832,516600,60.4,1799203,5.13,8.2
SK,269000,2500,-0.92,200,189269,70360,19.8,155394,17.36,1.11
SK아이이테크놀로지,217000,3000,-1.36,1000,154716,71298,9.64,281336,142.67,11
HMM,38050,200,0.53,5000,154252,405392,9.76,2090373,24.1,8.93
한국전력,23800,400,-1.65,5000,152787,641964,15,3255854,12.82,2.91
LG,95200,100,-0.1,5000,149751,157301,33.5,133245,5.96,7.5
삼성생명,72400,600,0.84,500,144800,200000,12.94,202890,8.27,3.53
하나금융지주,44850,550,1.24,5000,134659,300242,68.09,837767,4.42,8.96
삼성전기,178500,1500,0.85,5000,133328,74694,32.93,267885,15.56,10.92
엔씨소프트,596000,12000,2.05,500,130846,21954,45.94,189871,31.99,20.83
삼성에스디에스,164000,1500,-0.91,500,126900,77378,11.58,118973,19.69,6.71
포스코케미칼,162000,4000,2.53,500,125490,77463,8,714402,117.05,2.96
대한항공,34250,50,0.15,5000,119129,347821,12.21,3853536,17.83,-7.22
S-Oil,105000,1000,0.96,2500,118212,112583,78.12,311307,13.5,-13.07
KT&G,81100,200,0.25,5000,111344,137292,36.96,194442,10.05,13.22
삼성화재,228500,1000,0.44,500,108252,47375,48.81,56983,10.82,4.96
아모레퍼시픽,184500,5000,-2.64,500,107919,58493,32.17,240987,85.61,0.78
두산중공업,20550,550,-2.61,5000,106156,516572,9.6,4197079,-48.81,-37.2
하이브,268000,2500,-0.92,500,104656,39051,16.49,119763,95.34,12.52
넷마블,120000,1000,-0.83,100,103144,85954,22.68,112682,36.05,6.35
고려아연,512000,2000,0.39,5000,96614,18870,19.64,36563,13.36,8.37
현대중공업,99200,100,0.1,5000,88063,88773,1.51,2221113,-8.96,-7.86
롯데케미칼,256000,2500,-0.97,5000,87745,34275,26.62,138028,7.34,1.22
한온시스템,16200,100,-0.61,100,86476,533800,18.13,685134,29.72,5.09
KT,32450,50,-0.15,5000,84731,261112,44.2,549851,9.26,4.76
SK바이오팜,107000,2500,-2.28,500,83795,78313,6.42,219894,-141.53,-135.18
우리금융지주,11150,50,0.45,5000,81179,728061,28.48,2654434,3.9,5.87
한화솔루션,40750,1350,-3.21,5000,77946,191278,17.77,1116322,10.11,5.3
기업은행,10150,50,0.5,5000,75546,744301,12.87,1577569,4.26,6.44
한국조선해양,102000,1000,0.99,5000,72189,70773,18.7,392660,-4.66,-7.42
LG디스플레이,18950,450,-2.32,5000,67806,357816,16.35,3615728,5.7,-0.79
SKC,176000,1500,0.86,5000,66648,37868,13.77,993528,153.04,2.21
현대글로비스,176000,1000,-0.56,500,66000,37500,34.58,78136,9.79,12.45
현대제철,48650,100,-0.21,5000,64921,133446,20.92,1028124,26.88,-2.59
CJ제일제당,430000,2500,-0.58,5000,64733,15054,24.55,19090,14.99,13.5
LG유플러스,14800,50,0.34,5000,64618,436611,33.63,800699,11.16,6.46
강원랜드,28150,250,-0.88,500,60224,213940,19.42,485640,-63.98,-7.92
금호석유,194500,6000,-2.99,5000,59260,30468,20.65,259705,4.61,20.18
현대건설,53200,1400,-2.56,5000,59241,111356,21.57,761408,48.01,1.84
미래에셋증권,8860,50,0.57,5000,56289,635316,13.9,1176074,6.73,8.94
코웨이,76000,1100,-1.43,500,56088,73800,59.89,175236,13.17,31.51
F&F,731000,33000,4.73,500,56005,7661,11.89,44293,NA,NA
한국타이어앤테크놀로지,44900,550,1.24,500,55620,123875,41.79,210699,9.01,5.12
LG이노텍,217000,1500,0.7,5000,51358,23667,28.04,307685,9.39,10.2
삼성엔지니어링,26050,1950,-6.96,5000,51058,196000,34.25,6354733,16.17,17.32
KODEX 200,40965,40,-0.1,0,51022,124550,3.56,4886306,NA,NA
맥쿼리인프라,12600,100,0.8,0,51011,404846,14.51,517021,NA,NA
에스디바이오센서,49350,550,-1.1,500,50964,103271,2.87,887563,7.48,139.97
현대중공업지주,64100,300,-0.47,1000,50635,78993,17.48,130106,-14.8,-8.12
한국금융지주,87200,300,-0.34,5000,48593,55726,35.06,151050,4.14,16.27
오리온,122000,2000,-1.61,500,48234,39536,39.53,58876,20.01,15.5
이마트,173000,1500,-0.86,5000,48225,27876,35.21,149194,8.54,4.05
한미사이언스,68200,600,-0.87,500,45902,67305,1.48,94225,150.22,3.47
메리츠금융지주,33900,800,-2.31,500,45430,134011,8.26,232958,7.34,16.06
DB손해보험,62700,300,-0.48,500,44392,70800,42.97,149462,6.43,9.08
유한양행,62900,800,-1.26,1000,44013,69973,17.94,210438,45.75,11.06
삼성증권,48500,250,-0.51,5000,43310,89300,30.14,205132,4.74,9.89
한솔케미칼,371500,23500,6.75,5000,42110,11335,41.62,138149,29.58,24.5
한진칼,63000,400,-0.63,2500,42045,66739,14.91,84201,-43,-19.55
아모레G,50800,900,-1.74,500,41889,82458,16.85,234796,32.36,0.31
쌍용C&E,8250,80,-0.96,100,41568,503860,3.72,843604,26.61,7.92
GS,43700,950,2.22,5000,40604,92915,19.17,357041,4.97,-2.82
두산밥캣,40450,1050,-2.53,500,40551,100249,25.71,312454,10.64,6.15
KCC,455000,11500,2.59,5000,40433,8886,13.58,60818,4.74,12.79
녹십자,344500,10000,-2.82,5000,40260,11687,21.77,87361,43.07,7.48
일진머티리얼즈,86700,3100,3.71,500,39978,46111,10.53,747345,84.01,7.23
팬오션,7340,120,-1.61,1000,39237,534570,12.17,3244462,22.52,3.25
삼성카드,33850,50,-0.15,5000,39218,115859,8.16,95506,8.56,5.69
삼성중공업,6140,60,-0.97,1000,38682,630000,14.04,2656916,-2.69,-33.06
효성첨단소재,860000,61000,7.63,5000,38528,4480,13.93,165402,26.21,0.03
GS건설,44400,550,-1.22,5000,37998,85581,26.48,543890,11.72,7.68
CJ대한통운,166500,1000,-0.6,5000,37983,22812,23.04,28301,109.11,3.89
한국가스공사,40400,1050,-2.53,5000,37294,92313,7.3,1780265,14.8,-2.24
NH투자증권,13150,100,-0.75,5000,37005,281409,18.7,551808,4.68,10.32
롯데지주,34600,50,0.14,200,36299,104909,8.27,116539,49.43,-3.03
현대차2우B,98200,100,-0.1,5000,35829,36485,60.88,41464,7.11,NA
메리츠화재,29600,500,-1.66,500,35705,120625,10.89,209093,6.75,16.91
한미약품,295000,2000,-0.67,2500,35631,12078,13.03,25783,154.29,1.65
GS리테일,33600,250,-0.74,1000,35185,104718,10.08,214833,18.44,7.5
한화시스템,18500,500,-2.63,5000,34950,188919,3.2,1034892,20.07,9.35
메리츠증권,5120,70,-1.35,1000,34905,681731,14.44,736937,5.46,13.08
호텔신라,88900,400,0.45,5000,34892,39248,17.5,409413,-27.04,-36.74
신풍제약,64100,800,-1.23,500,33963,52985,7.53,577279,1068.33,1.72
SK케미칼,283000,6500,-2.25,5000,33256,11751,17.46,147807,35.95,30.49
OCI,138500,4500,-3.15,5000,33031,23849,19.56,457398,114.09,-9.89
에스원,85900,400,0.47,500,32641,37999,53.95,42598,22.27,10.48
한국항공우주,33150,300,0.91,5000,32313,97475,13.22,661309,164.11,6.39
두산퓨얼셀,49050,1050,-2.1,100,32125,65494,13.32,608282,817.5,4.18
더존비즈온,105500,2500,-2.31,500,32009,30341,41.45,230253,51.41,15.09
효성티앤씨,713000,1000,0.14,5000,30856,4328,22.83,46780,6.1,25.1
씨에스윈드,72500,1400,-1.89,500,30574,42171,11.09,335512,51.42,8.19
키움증권,116500,1000,-0.85,5000,30546,26220,24.44,45582,3.13,27.63
코오롱인더,111500,500,0.45,5000,30081,26979,21.44,613663,22.33,9.7
롯데쇼핑,106000,0,0,5000,29986,28289,10.37,40096,-5.18,-7.7
BGF리테일,172500,1000,0.58,1000,29815,17284,33.14,23212,21.25,18.6
CJ,102000,500,-0.49,5000,29761,29177,17.74,80755,69.72,1.89
한화생명,3390,85,2.57,5000,29443,868530,7.59,3452347,5.37,1.9
동서,29500,50,0.17,500,29412,99700,3.28,65742,27.21,8.61
대우건설,6980,30,-0.43,5000,29010,415623,11.76,1204016,6.36,11.06
포스코인터내셔널,23500,300,-1.26,5000,28993,123375,9.79,1078581,9.84,7.69
현대오토에버,105500,1500,-1.4,500,28932,27424,1.66,61779,38.06,11.09
대우조선해양,26750,900,-3.25,5000,28700,107291,6.94,423220,-1.97,2.27
만도,61000,200,-0.33,1000,28644,46957,25.22,224476,12.08,0.37
현대미포조선,70700,800,-1.12,5000,28239,39942,10.42,310505,-15.54,-0.84
한샘,119500,3500,-2.85,1000,28123,23534,18.86,167328,33.82,10.83
휠라홀딩스,45900,500,-1.08,1000,27885,60752,47.56,224301,11.57,10.94
LG화학우,359000,4500,1.27,5000,27603,7689,68.9,14648,9.67,NA
일진하이솔루스,74700,900,-1.19,500,27126,36313,4.2,257853,139.37,34.27
현대로템,24700,1000,4.22,5000,26958,109142,4.84,3576777,79.42,2.84
신세계,272000,2500,0.93,5000,26779,9845,27.46,42130,33.2,-2.81
DL이앤씨,138000,2000,-1.43,5000,26715,19359,26.73,122506,NA,NA
BNK금융지주,8120,220,2.78,5000,26466,325935,39.42,2656016,3.91,6.11
한화에어로스페이스,51600,300,-0.58,5000,26125,50630,19.44,424540,9.98,4.78
한화,34650,300,-0.86,5000,25973,74959,19.15,468464,6.66,4.79
효성,122500,500,0.41,5000,25812,21071,9.35,40979,16.72,-2.26
제일기획,22050,400,-1.78,200,25367,115041,33.04,625297,13.57,16.11
DB하이텍,56700,200,-0.35,5000,25174,44399,16.51,340644,15.07,23.07
현대차우,99500,500,-0.5,5000,24235,24357,59.06,23904,7.21,NA
롯데정밀화학,93000,1100,-1.17,5000,23994,25800,21.4,341861,9.78,12.65
하이트진로,33400,300,-0.89,5000,23425,70134,4.58,240889,33.43,8.23
TIGER 200,41000,35,-0.09,0,22734,55450,0,730122,NA,NA
현대해상,25000,150,0.6,500,22350,89400,27.2,316941,5.79,7.13
현대위아,82000,1000,-1.2,5000,22300,27195,8.61,121244,21.94,1.96
대한전선,2525,55,-2.13,500,21626,856473,1.85,10551099,-132.89,0.92
LS,66100,200,-0.3,5000,21284,32200,14.31,93664,8.58,3.94
TIGER 차이나전기차SOLACTIVE,17505,55,0.32,0,20887,119320,0.45,6863296,NA,NA
아시아나항공,27800,1350,-4.63,5000,20686,74412,10.15,3525111,-30.22,-43.83
솔루스첨단소재,67600,2200,3.36,100,20679,30590,7.78,577213,-176.04,-5.1
KODEX 200선물인버스2X,2095,10,0.48,0,20531,980000,4.01,118370679,NA,NA
KODEX 단기채권,102920,5,0,0,20529,19947,0,15528,NA,NA
LS ELECTRIC,67600,800,-1.17,5000,20280,30000,17.95,91743,22.11,6.15
대웅,34300,650,-1.86,500,19943,58142,3.94,262091,21.21,15.1
현대엘리베이,48800,1650,3.5,5000,19918,40815,27.39,928267,20.67,9.78
영원무역,44700,100,-0.22,500,19807,44311,27.84,74213,10.57,8.03
현대백화점,82400,800,0.98,5000,19284,23402,19.2,122031,14.89,1.65
프레스티지바이오파마,31950,50,0.16,0,19201,60096,63.81,213356,-95.09,NA
한전기술,48750,1450,-2.89,200,18632,38220,2.89,228031,90.11,NA
HDC현대산업개발,28000,50,-0.18,5000,18454,65907,10.69,201492,10,8.85
오뚜기,502000,3000,-0.59,5000,18433,3672,12.59,4024,21,7.93
후성,19400,200,1.04,500,17966,92607,6.6,14333148,179.63,2.79
동국제강,18700,300,-1.58,5000,17846,95433,23.15,1034225,6.08,3.35
PI첨단소재,60000,1500,2.56,500,17620,29366,17.99,148466,32.28,15.62
농심,289500,500,0.17,5000,17609,6083,13.59,10288,15.9,7.5
대웅제약,151500,1500,-0.98,2500,17554,11587,6.97,37669,591.8,2.38
한전KPS,38250,700,-1.8,200,17212,45000,8.93,113664,17.62,8.23
KODEX 레버리지,25490,25,-0.1,0,17027,66800,2.67,14857868,NA,NA
동원시스템즈,65800,300,0.46,5000,16857,25619,1.55,76282,31.27,10.97
금호타이어,5820,20,0.34,5000,16719,287260,4.17,337872,78.65,-6.74
JB금융지주,8370,230,2.83,5000,16487,196983,40.56,633047,3.63,10.06
두산,97000,3500,-3.48,5000,16028,16524,11.6,68812,-158.76,-34.34
한미반도체,32400,50,-0.15,200,16025,49460,6.41,207338,21.6,21.03
DGB금융지주,9370,210,2.29,5000,15849,169146,49.75,772121,3.72,6.93
롯데렌탈,42900,950,-2.17,5000,15716,36634,0.86,283225,21.9,6.73
진원생명과학,34750,500,-1.42,1000,15711,45212,13.04,798207,-72.85,-30.43
한국앤컴퍼니,16300,100,0.62,500,15474,94935,9.75,157541,6.24,5.08
코스맥스,133500,1000,-0.74,500,15152,11350,24.63,146636,30.93,6.23
F&F홀딩스,38550,1450,3.91,500,15079,39114,0.59,401226,0.29,16.59
대한유화,231500,2500,-1.07,5000,15048,6500,13.79,69734,6.47,6.93
아이에스동서,48650,1050,-2.11,500,15029,30893,4.43,99824,13.87,10.92
녹십자홀딩스,31950,800,-2.44,500,15026,47028,5.42,95603,9.86,19.74
코스모신소재,49700,3350,7.23,1000,14953,30087,7.16,3870066,78.76,7.16
SK가스,162000,5000,-2.99,5000,14953,9230,6.61,103992,6.04,14.91
KODEX 삼성그룹,10240,55,-0.53,0,14899,145500,0.18,110666,NA,NA
DL,70500,400,-0.56,5000,14774,20956,14.96,63104,2.28,11.84
솔루엠,29200,300,-1.02,500,14602,50006,8.62,541908,36.55,43.26
KODEX 단기채권PLUS,103225,5,0,0,14579,14124,0,1106113,NA,NA
롯데관광개발,21000,100,-0.47,500,14548,69276,6.6,707621,-9.3,-30.43
부광약품,20450,350,-1.68,500,14532,71063,4.58,587661,-129.43,-2.46
TIGER 단기통안채,100325,0,0,0,14482,14435,0.82,1329,NA,NA
명신산업,27450,100,0.37,500,14403,52470,2.33,434296,-11.9,-67.39
넥스트사이언스,34050,950,-2.71,500,14187,41666,8.67,1726165,-35.73,-41.41
KODEX 종합채권(AA-이상)액티브,108840,285,-0.26,0,14021,12882,0,3705,NA,NA
신세계인터내셔날,196000,2500,-1.26,5000,13994,7140,5.12,18140,19.3,8.24
종근당,121500,1000,-0.82,2500,13883,11426,7.97,29215,16.31,17.88
KG동부제철,13850,250,-1.77,5000,13851,100009,1.35,217902,11.32,7.18
LG생활건강우,659000,3000,0.46,5000,13837,2100,84.39,2354,13.84,NA
롯데칠성,149000,0,0,500,13826,9279,8.4,24211,60.69,-1
흥아해운,5750,1320,29.8,500,13750,239125,1.92,4226545,22.2,-379.56
NHN,68800,1300,-1.85,500,13461,19565,12.14,39195,61.43,1.35
롯데리츠,5530,20,-0.36,500,13436,242969,10.1,254988,70,1.68
에스엘,27700,550,2.03,500,13352,48203,17.01,73560,8.76,4.74
SK네트웍스,5300,0,0,2500,13154,248188,12.68,357250,36.05,1.63
영풍,696000,3000,-0.43,5000,12821,1842,4.53,769,8.36,4.03
효성화학,400500,0,0,5000,12776,3190,10.02,33715,14.36,-2.71
태광산업,1144000,27000,-2.31,5000,12737,1113,6.51,987,6.43,3.26
TIGER TOP10,13825,25,-0.18,0,12726,92050,0.3,439072,NA,NA
KCC글라스,79500,200,-0.25,1000,12697,15971,10.32,149898,5.8,NA
하나투어,90500,400,-0.44,500,12615,13939,8.12,200539,-7.35,-108.93
한일시멘트,18050,250,-1.37,500,12502,69262,2.67,210131,10.38,NA
TIGER 미국나스닥100,80600,465,0.58,0,12332,15300,0.01,147646,NA,NA
유니드,138500,500,0.36,5000,12312,8890,12.83,163972,7.04,10.29
KODEX 200TR,13435,25,0.19,0,12192,90750,0.02,12324,NA,NA
지누스,76800,1700,-2.17,500,12135,15800,22.93,78861,32.08,11.61
세방전지,85400,1800,-2.06,500,11956,14000,25.56,104352,15.83,6.14
이노션,58900,400,-0.67,500,11780,20000,30.26,18207,17.94,8.28
LG전자우,68300,300,-0.44,5000,11738,17186,41.15,30700,8.26,NA
한올바이오파마,22250,450,-1.98,500,11624,52241,4.84,347242,65.44,12.29
CJ CGV,31300,250,-0.79,500,11623,37135,7.96,379782,-1.81,-314.44
티와이홀딩스,28600,450,1.6,500,11489,40172,6.39,117045,2.32,NA
더블유게임즈,62500,500,0.81,500,11484,18375,9.54,145012,9.12,16.94
다우기술,25500,200,-0.78,500,11441,44867,21.9,49240,3.03,18.85
LIG넥스원,52000,200,-0.38,5000,11440,22000,7.25,135052,17.1,8.86
휴켐스,27750,100,-0.36,1000,11344,40879,6.74,1250789,17.88,7.51
KODEX 인버스,3925,5,0.13,0,11280,287400,1.15,27777805,NA,NA
보령제약,16350,100,-0.61,500,11231,68690,6.57,179485,35.93,8.62
코리안리,9330,40,0.43,500,11230,120369,30.44,68146,8.12,5.78
LX인터내셔널,28950,300,-1.03,5000,11221,38760,24.9,253671,6.48,23.72
미원상사,224500,1500,0.67,500,11158,4970,4.19,1674,19.02,21.07
동양생명,6780,70,1.04,5000,10940,161359,82.64,297721,5.78,4.52
KODEX MSCI Korea TR,13155,5,0.04,0,10919,83000,0.09,321587,NA,NA
KBSTAR 200,41060,20,-0.05,0,10799,26300,0,710091,NA,NA
화승엔터프라이즈,17750,700,-3.79,500,10751,60571,3.8,218018,26.03,9.26
대신증권,21000,50,0.24,5000,10662,50773,15.75,58470,2.98,7.35
오리온홀딩스,16900,300,-1.74,500,10587,62645,5.63,136245,15.9,3.98
한국콜마,45950,200,-0.43,500,10514,22881,26.31,70875,6.39,29.27
진에어,23200,100,-0.43,1000,10440,45000,3.09,223047,-4.65,-131.35
SBS,57000,300,0.53,5000,10404,18253,0,98199,27.93,-12.32
한섬,41650,1350,3.35,500,10258,24630,28.12,161156,10.01,7.85
미원에스씨,199000,3000,1.53,500,10149,5100,0.81,1438,20.75,13.58
삼양홀딩스,118500,1500,-1.25,5000,10149,8564,8.47,66260,5,6.96
한화투자증권,4700,60,-1.26,5000,10084,214548,5.37,1611790,6.99,5.58
GKL,16150,100,-0.62,500,9990,61856,3.54,252490,-9,-12.01
이연제약,54500,700,-1.27,500,9809,17999,0.59,199953,147.7,1.71
풍산,34700,50,-0.14,5000,9724,28024,13.79,128029,5.03,5.09
세아베스틸,26950,700,-2.53,5000,9665,35862,18.92,137289,-6.09,-14.18
KODEX 2차전지산업,23100,380,1.67,0,9610,41600,4.4,4019137,NA,NA
영진약품,5200,110,-2.07,500,9510,182893,4.32,402709,-108.33,-0.12
ESR켄달스퀘어리츠,6630,20,0.3,1000,9498,143259,23.67,160518,170,1.14
현대그린푸드,9580,80,-0.83,500,9360,97704,10.32,178664,13.09,4.07
현대일렉트릭,25900,650,2.57,5000,9336,36047,12.07,367942,102.78,-5.84
쿠쿠홈시스,41600,100,-0.24,100,9334,22437,4.77,13925,7.96,15.94
SK디스커버리,48900,750,-1.51,5000,9310,19038,7.83,64246,4.79,14.71
대한해운,2910,20,0.69,500,9288,319177,4.47,1393101,9.21,1.1
부산가스,84300,0,0,5000,9273,11000,3.13,53225,25.8,23.35
파미셀,15450,250,-1.59,500,9264,59959,9.75,383833,169.78,9.65
제주항공,23900,350,-1.44,1000,9201,38500,0.87,141446,-3.8,-113.11
제이알글로벌리츠,5540,40,0.73,1000,9174,165600,5.26,930628,NA,NA
덴티움,82700,300,0.36,500,9154,11069,24.77,76158,23.29,10.34
한세실업,22750,450,-1.94,500,9100,40000,9.19,454161,8.76,10.97
TIGER 200 IT,35995,115,-0.32,0,8977,24940,0.17,80827,NA,NA
SK리츠,5740,40,0.7,500,8898,155021,0.92,1221675,NA,NA
유나이티드제약,54400,500,-0.91,500,8837,16245,7.6,191797,33.56,10.01
현대홈쇼핑,72400,0,0,5000,8688,12000,30.09,9884,7.34,6.39
경동나비엔,63500,800,-1.24,1000,8639,13605,12.17,35842,10.72,12.83
대덕전자,17300,100,0.58,500,8549,49417,8.56,509838,69.2,NA
동원산업,232000,500,-0.22,5000,8532,3678,7.7,3842,3.88,21.01
서울가스,170500,2500,-1.45,5000,8525,5000,7.53,7843,7.01,13.14
대상,24500,150,-0.61,1000,8489,34648,11.36,111357,8.12,12.02
롯데제과,131500,0,0,500,8438,6417,18.11,3687,15.87,3.42
미래에셋생명,4725,105,2.27,5000,8364,177016,4.62,128253,22.72,3.45
KODEX 코스닥150 레버리지,16720,40,-0.24,0,8293,49600,10.64,5253192,NA,NA
DI동일,328500,500,-0.15,5000,8248,2511,2.5,14304,28.68,4
제이콘텐트리,46700,200,0.43,5000,8238,17641,6.84,165230,-5.53,-52.61
유안타증권,4125,5,-0.12,5000,8233,199597,63.36,256706,3.58,7.92
현대건설기계,41700,950,-2.23,5000,8215,19701,19.86,206457,9.37,-0.8
한국단자,77900,1200,-1.52,500,8113,10415,23.67,21593,10.26,7.84
ARIRANG 200,41550,45,-0.11,0,8061,19400,0,157014,NA,NA
쿠쿠홀딩스,22650,50,0.22,100,8055,35562,7.35,16067,6.24,14.88
한진중공업,9670,50,-0.51,5000,8053,83274,22.87,126769,-16.56,27.71
TIGER 2차전지테마,23185,655,2.91,0,8010,34550,0.83,6301847,NA,NA
넥센타이어,8070,40,0.5,500,7882,97668,5.44,111352,75.42,-1.09
동원F&B,204000,500,0.25,5000,7873,3859,5.85,3364,8.64,10.91
SK디앤디,35350,1000,-2.75,1000,7844,22190,5.11,87434,9.15,14.88
두산인프라코어,9770,220,-2.2,5000,7769,79523,13.36,1398703,7.56,6.47
우리종금,888,8,-0.89,500,7763,874203,2.02,3055848,9.45,14.05
아모레퍼시픽우,73300,700,-0.95,500,7739,10558,59.02,14084,34.01,NA
삼양사,74100,2900,-3.77,5000,7642,10313,6.65,89812,13.21,5.06
동아쏘시오홀딩스,120000,1500,1.27,5000,7617,6348,12.2,10787,4.51,19.87
SNT모티브,52000,600,-1.14,5000,7604,14623,21.02,37900,11.91,7.28
엠씨넥스,41950,550,-1.29,500,7533,17957,5.75,96462,26.47,16.1
코오롱글로벌,29850,950,-3.08,5000,7525,25210,2.8,307849,6.24,17.83
TIGER 미국테크TOP10 INDXX,11885,0,0,0,7523,63300,0,2030930,NA,NA
LX홀딩스,9850,20,-0.2,1000,7514,76281,11.32,229365,NA,NA
고려제강,32600,350,-1.06,1000,7498,23000,7.65,150734,8.87,0.62
SGC에너지,51000,700,1.39,5000,7485,14677,1.18,69349,12.58,6.24
국도화학,82900,500,-0.6,5000,7470,9011,23.96,92057,6.6,5.54
LX하우시스,82600,1500,-1.78,5000,7407,8968,26.56,51181,-12.74,-8.8
해성디에스,43250,450,-1.03,5000,7352,17000,6.03,220352,21.23,13.62
효성중공업,78400,1800,2.35,5000,7310,9325,5.91,103976,18.86,-2.48
롯데하이마트,30200,150,-0.49,5000,7130,23608,8.74,70434,48.48,1.49
KINDEX 200,41165,20,0.05,0,7122,17300,24.37,499657,NA,NA
드림텍,10800,100,-0.92,100,7052,65293,20.77,208351,13.35,8.79
DL건설,31550,600,-1.87,5000,6958,22053,2.04,26876,4.91,23.71
TIGER MSCI Korea TR,16480,85,-0.51,0,6938,42100,0,1490,NA,NA
SPC삼립,79500,700,-0.87,5000,6860,8629,2.95,6517,31.66,-3.98
미래에셋증권2우B,4880,5,-0.1,5000,6832,140000,11.66,464402,3.71,NA
NICE,17950,150,-0.83,500,6800,37882,22.46,22185,14.1,2.43
KODEX 자동차,21855,220,-1,0,6786,31050,0.8,138024,NA,NA
한국토지신탁,2650,105,4.13,1000,6691,252489,16.09,3725715,6.06,9.44
HDC,11100,100,-0.89,5000,6631,59742,18.96,203348,7.4,4.72
TIGER KRX2차전지K-뉴딜,17780,205,1.17,0,6587,37050,1.25,1057067,NA,NA
대성홀딩스,40800,50,-0.12,1000,6564,16089,4.62,67981,16.95,9.73
율촌화학,26200,1550,6.29,500,6498,24800,5.39,1699441,53.04,5.85
인스코비,5960,260,4.56,500,6482,108754,5.03,7181153,126.81,8.32
영원무역홀딩스,47500,400,-0.84,500,6477,13636,20.23,5880,4.92,7.64
동아에스티,76500,100,0.13,5000,6460,8444,19.59,9975,-192.21,4.21
삼성SDI우,398000,5000,-1.24,5000,6439,1618,17.23,5666,29.49,NA
삼화콘덴서,61800,100,-0.16,1000,6424,10395,8.21,46547,24.27,14.28
풀무원,16750,50,0.3,500,6385,38121,0.91,31906,39.88,3.84
코오롱플라스틱,16500,100,-0.6,1000,6270,38000,2.14,5907177,32.29,1.51
애경산업,23650,50,0.21,1000,6246,26410,2.23,22639,35.62,3.41
서흥,53900,300,-0.55,500,6236,11569,11.67,9460,10.7,16.73
삼양식품,81600,200,0.25,5000,6147,7533,5.94,11365,13.44,21.47
일양약품,32000,350,-1.08,2500,6107,19086,9.09,103378,71.59,5.39
일진다이아,43000,700,-1.6,1000,6107,14203,1.41,109671,88.11,2.88
락앤락,11500,50,0.44,500,6096,53008,73.73,47817,39.25,1.74
디피씨,14550,350,2.46,500,6064,41678,4.28,513696,16.78,11.76
한일현대시멘트,33600,600,1.82,5000,5972,17775,0.45,14790,9.91,27.27
SK렌터카,12550,50,0.4,500,5934,47286,0.52,69280,25.1,4.5
LG헬로비전,7640,10,-0.13,2500,5917,77447,3.11,451930,-1.91,-39.53
신영증권,62900,200,0.32,5000,5904,9386,7.9,2335,5.79,15.34
TIGER 미국S&P500,13160,110,0.84,0,5869,44600,0.01,460688,NA,NA
SIMPAC,8940,600,7.19,500,5849,65430,7.61,4748630,10.42,7.54
HANARO 200,41025,10,-0.02,0,5826,14200,0,56865,NA,NA
BGF,6080,60,1,1000,5820,95717,6.52,108165,11.26,1.81
한국자산신탁,4685,50,1.08,500,5808,123978,9.64,300598,4.71,18.18
롯데정보통신,37700,200,0.53,5000,5804,15396,2.59,30000,15.73,7.43
한라홀딩스,55200,700,-1.25,5000,5781,10472,16.02,148183,4.63,4.97
신성통상,4005,230,6.09,500,5756,143708,1.69,3297787,24.72,3.12
TIGER 글로벌리튬&2차전지SOLACTIVE(합성),11150,95,0.86,0,5731,51400,1.47,957637,NA,NA
롯데손해보험,1845,25,1.37,1000,5726,310336,0.91,366248,-52.71,-2.53
한진,38100,50,-0.13,5000,5695,14948,11.66,22905,2.81,0.74
JW중외제약,26150,0,0,2500,5633,21540,5.41,48074,-179.11,-6.97
KOSEF 200,41060,5,-0.01,0,5625,13700,0,1715,NA,NA
QV 코스피 변동성 매칭형 양매도 ETN,8005,0,0,0,5604,70000,0,0,NA,NA
빙그레,56700,200,0.35,5000,5586,9851,18.73,15046,32.83,6.01
제일약품,37950,0,0,500,5580,14705,2.79,19751,-1650,NA
KODEX 코스닥150선물인버스,4135,10,0.24,0,5578,134900,5.06,27345669,NA,NA
삼성화재우,172500,1500,0.88,500,5506,3192,24.22,4862,8.17,NA
아주스틸,20700,200,0.98,500,5476,26452,3.27,684427,33.12,10.65
남해화학,11000,750,7.32,1000,5465,49679,4.16,2142253,36.07,5.65
교보증권,8430,10,0.12,5000,5450,64653,3.95,35349,3.56,9.35
대한제강,22000,150,-0.68,1000,5422,24647,10.65,223309,5.91,10.21
세아제강지주,130000,2000,-1.52,5000,5384,4142,5.52,23050,5.56,1.76
LF,18300,100,0.55,5000,5351,29240,24.28,41996,8.18,1.41
TIGER 미국필라델피아반도체나스닥,10950,85,0.78,0,5333,48700,3.61,518772,NA,NA
아세아시멘트,136000,4500,-3.2,5000,5298,3896,3.51,19915,8.77,2.94
케이씨텍,25150,550,-2.14,500,5247,20862,10.49,53948,13.6,13.39
코스모화학,18700,500,2.75,1000,5192,27767,1.32,1716648,-41.37,-19.42
삼성 레버리지 WTI원유 선물 ETN,1025,30,3.02,0,5166,504000,0.01,5158555,NA,NA
한국카본,11750,250,2.17,500,5165,43961,8.48,557908,11.54,16.55
엔에스쇼핑,15300,200,-1.29,500,5155,33696,11.59,111353,-32.83,1.53
키다리스튜디오,15400,500,3.36,500,5128,33297,1.47,391188,114.07,0.22
코오롱,40300,1650,-3.93,5000,5088,12626,11.4,312898,3.6,22.75
한화손해보험,4320,10,0.23,5000,5043,116739,7.87,174339,5.59,3.11
동화약품,17950,150,0.84,1000,5014,27931,2.96,3928253,16.06,9.04
현대퓨처넷,4440,5,-0.11,500,5012,112877,13.5,233987,-14.61,-4.11
롯데푸드,414500,500,-0.12,5000,5012,1209,12.66,1212,16.91,NA
스카이라이프,10250,200,1.99,2500,4902,47822,15.24,98761,8.84,7.97
대신증권우,18850,50,0.27,5000,4901,26000,11.79,59075,2.68,NA
교촌에프앤비,19500,0,0,500,4872,24983,0.43,90698,17.62,20.4
KODEX Top5PlusTR,18710,35,0.19,0,4846,25900,19.31,2464,NA,NA
애경유화,15100,500,3.42,500,4838,32040,14.55,759338,6.1,11.72
지역난방공사,41750,0,0,5000,4834,11579,1.28,6222,8.89,1.68
KOSEF 200TR,48780,25,-0.05,0,4829,9900,0,1539,NA,NA
신한 레버리지 WTI원유 선물 ETN(H),830,20,2.47,0,4814,580000,0,4056005,NA,NA
송원산업,20050,300,1.52,500,4812,24000,17.79,260673,13.17,6.17
잇츠한불,21900,550,-2.45,500,4803,21929,0.49,20352,-29.88,-3.52
KH 필룩스,3505,100,-2.77,500,4792,136730,10.76,2797932,-11.42,-17.37
금호건설,13050,50,-0.38,5000,4781,36634,5.93,287307,6.49,6.89
KG케미칼,34150,950,2.86,5000,4735,13866,3.44,115740,5.23,11.94
KODEX 미국FANG플러스(H),28680,120,0.42,0,4732,16500,0.08,111597,NA,NA
삼성제약,7030,50,0.72,500,4721,67162,4.55,337886,-11.18,-30.13
디티알오토모티브,47150,350,0.75,500,4712,9994,5.05,17561,7.41,7.48
이수화학,16700,1050,-5.92,5000,4669,27960,2.99,3414085,-8.16,-31.08
신성이엔지,2270,35,-1.52,500,4631,203990,6.3,647139,-16.57,-8.77
한국철강,10050,100,-0.99,1000,4628,46050,11.64,162191,70.77,-1.19
티웨이항공,4185,110,-2.56,500,4617,110330,0.76,1793070,-3.11,-90.15
한전산업,13900,450,-3.14,500,4531,32600,0.87,1377892,46.03,16.2
퍼시스,39150,500,1.29,1000,4502,11500,20.17,3866,10.3,7.53
태영건설,11500,0,0,500,4473,38899,10.68,75512,1.04,61.96
종근당홀딩스,88600,600,-0.67,2500,4439,5010,8.96,11312,7.26,15.59
신영증권우,62800,200,0.32,5000,4430,7054,6.33,1682,5.78,NA
맵스리얼티1,4745,15,0.32,0,4405,92834,4.4,43547,NA,NA
코람코에너지리츠,6310,40,0.64,500,4393,69620,0.91,62592,44.44,2.63
남선알미늄,3980,90,-2.21,500,4385,110179,4.19,8517887,17.38,5.72
삼양패키징,30700,450,-1.44,5000,4362,14210,8.56,38227,11.93,10.88
세아홀딩스,109000,1500,-1.36,5000,4360,4000,0.74,1956,-4.11,-8.48
에이프로젠제약,1085,0,0,500,4325,398576,4.09,1272433,57.11,2.99
신한알파리츠,8180,20,-0.24,1000,4281,52330,1.72,95823,154.34,2.04
광동제약,8120,30,-0.37,1000,4257,52421,21.35,73491,13.2,10.08
YG PLUS,6700,110,-1.62,500,4250,63429,2.3,817501,744.44,-6.94
SK증권,897,3,-0.33,500,4239,472590,5.14,1360796,9.15,1.99
한국콜마홀딩스,22700,250,-1.09,500,4217,18577,15.65,54718,4.82,21.96
삼성 코스피 양매도 5% OTM ETN,8390,0,0,0,4195,50000,0,0,NA,NA
쌍용차,2770,0,0,5000,4151,149840,76.57,0,-0.86,-320.22
아세아제지,46200,150,-0.32,5000,4138,8957,6.14,87704,4.85,8.9
E1,60300,1200,-1.95,5000,4137,6860,5.09,53284,3.06,5.19
한일홀딩스,14300,50,-0.35,1000,4121,28816,3.28,8707,6.24,4.21
삼부토건,2990,150,-4.78,1000,4113,137546,3.95,6627708,-53.39,-8.73
KTB투자증권,6770,20,0.3,5000,4083,60314,11.55,253130,2.82,13.04
신세계 I&C,236500,2500,-1.05,5000,4068,1720,5.78,16066,11.74,33.89
아이마켓코리아,12150,150,1.25,500,4062,33429,8.51,366662,14.1,5.87
현대차증권,12700,50,-0.39,5000,4027,31713,3.38,50466,4.75,8.2
TIGER KRX BBIG K-뉴딜,12710,25,0.2,0,3972,31250,0.25,406580,NA,NA
이월드,2800,55,-1.93,1000,3971,141806,1.11,536759,-50.91,-4.11
하나제약,22250,250,1.14,500,3954,17773,1.07,28181,22.84,6.58
한국금융지주우,67200,200,-0.3,5000,3937,5858,16.18,15056,3.19,NA
웅진씽크빅,3405,55,-1.59,500,3933,115506,5.08,325450,10.91,0.23
한솔제지,16450,0,0,5000,3915,23801,11.67,70669,14.69,9.67
동양,1640,15,-0.91,500,3914,238684,6.62,773279,-23.77,-2.92
KISCO홀딩스,21150,150,-0.7,1000,3908,18476,9.84,33038,7.49,4.16
알루코,4645,65,1.42,500,3887,83684,1.04,3760558,-35.46,-7.24
신세계푸드,100000,2400,2.46,5000,3872,3872,4.7,17506,-42.99,-7.35
화승인더,7000,150,-2.1,500,3872,55320,15.58,137053,11.36,10.94
에이프로젠 MED,1940,50,-2.51,500,3864,199155,2.79,5120110,-34.04,-15.79
대교,4545,5,-0.11,500,3850,84703,4.05,117385,-90.9,-3.02
삼천리,94900,2000,-2.06,5000,3848,4055,20.09,25753,6.42,2.49
대원제약,18000,450,-2.44,500,3820,21225,16.24,639322,580.65,8.42
대상홀딩스,10500,0,0,1000,3802,36213,4.42,22968,6.6,14.21
이리츠코크렙,5990,0,0,500,3794,63342,0.6,59644,52.54,2.85
유진투자증권,3915,0,0,5000,3792,96866,6.67,266079,4.3,9.11
KODEX 은행,7410,165,2.28,0,3779,51000,1.01,1633486,NA,NA
KBSTAR KIS종합채권(A-이상)액티브,100280,300,-0.3,0,3778,3767,0,7,NA,NA
조광피혁,56600,400,0.71,5000,3763,6649,0.39,3272,18.05,6.66
자이에스앤디,9700,40,-0.41,1000,3762,38783,0.35,47039,9.82,13.59
모토닉,11350,50,0.44,500,3746,33000,10.79,34428,23.26,3.61
포스코강판,62300,200,0.32,5000,3738,6000,2.12,31406,7.32,2.88
경방,13600,50,0.37,500,3728,27415,2.17,15820,13.4,1.76
한화3우B,16550,50,-0.3,5000,3719,22472,8.7,52819,3.18,NA
삼성출판사,37150,800,2.2,500,3715,10000,0.77,139772,7.41,45.58
신대양제지,91900,2300,2.57,5000,3703,4030,9.22,16903,8.38,9.72
금호석유우,121500,4500,-3.57,5000,3674,3023,15.92,55619,2.88,NA
AK홀딩스,27700,700,2.59,5000,3670,13248,5.56,38246,-4.29,-20.57
삼아알미늄,33350,450,1.37,500,3668,11000,34.08,320382,56.33,3.2
KODEX 코스닥 150,15195,30,-0.2,0,3632,23900,6.12,748100,NA,NA
KINDEX 200TR,25040,15,0.06,0,3631,14500,0,787,NA,NA
테이팩스,76800,2300,3.09,500,3623,4718,3.32,46044,22.31,12.86
KINDEX 미국S&P500,13270,115,0.87,0,3623,27300,0.91,199542,NA,NA
휴비스,10500,250,-2.33,5000,3622,34500,3.79,169205,4.42,19.01
한국쉘석유,277000,1000,0.36,5000,3601,1300,63.87,2019,14.77,21.44
조선내화,89900,400,0.45,5000,3596,4000,3.02,534,19.68,5.55
와이투솔루션,2440,0,0,500,3593,147236,1.16,0,30.12,-64.02
일진홀딩스,7230,390,5.7,1000,3568,49347,2.82,4468961,23.63,3.51
선진,15000,350,-2.28,500,3567,23780,12.83,131044,4.36,24.25
환인제약,19100,300,-1.55,500,3553,18600,14.55,50661,12.29,8.21
동부건설,15600,500,3.31,5000,3546,22732,2.74,414594,3.93,10.1
한독,25750,50,0.19,500,3544,13764,2.66,20375,11.26,7.47
삼진제약,25450,150,0.59,1000,3538,13900,13.12,36566,13.42,13.57
HSD엔진,7480,20,0.27,1000,3495,46721,2.62,233757,-27.2,3.16
농심홀딩스,75200,200,-0.27,5000,3488,4638,2.32,4146,6.59,7.23
계룡건설,39000,500,-1.27,5000,3483,8931,26.14,78336,2.82,18.69
조일알미늄,3390,90,2.73,500,3479,102632,0.69,4451780,62.78,-7.85
CJ4우(전환),82300,100,-0.12,5000,3478,4227,4.76,6414,56.25,NA
현대리바트,16900,150,-0.88,1000,3470,20535,5.08,55910,20.14,5.66
이아이디,415,3,0.73,200,3468,835583,0.53,13444572,207.5,-15.35
세아제강,121000,500,0.41,5000,3432,2836,9.42,29223,7.09,5.67
KBSTAR ESG사회책임투자,13215,25,-0.19,0,3429,25950,0.06,105944,NA,NA
한세예스24홀딩스,8550,110,-1.27,500,3420,40000,4.29,49738,3.72,16.99
디앤디플랫폼리츠,5300,0,0,1000,3413,64400,0.6,267107,NA,-4.15
금호에이치티,2470,50,2.07,500,3399,137611,1.98,2147830,-107.39,-4.85
자화전자,18900,150,0.8,500,3383,17900,7.03,173023,23.48,-2.3
세진중공업,5920,100,-1.66,500,3365,56849,0.76,219133,9.85,1.19
진흥기업,2310,20,-0.86,500,3360,145472,1.78,1061859,7.24,18.86
코리아써키트,14150,100,0.71,500,3342,23621,2.52,98820,40.54,3.39
일동제약,13950,100,-0.71,1000,3321,23803,4.45,36724,-17.22,-5.13
SNT중공업,9960,10,0.1,2500,3312,33253,7.1,31487,5.56,1.37
하이트진로홀딩스,14250,100,0.71,5000,3307,23207,4.75,8511,5.89,13.89
세종공업,11750,0,0,500,3269,27821,1.82,1526065,27.01,-4.69
엘브이엠씨홀딩스,3265,20,0.62,0,3247,99455,16.44,213063,-10.3,-7.2
남양유업,450000,10000,-2.17,5000,3240,720,16.02,5429,-7.76,-6.04
KODEX 코스피,31440,0,0,0,3238,10300,0.06,37074,NA,NA
TYM,2275,60,2.71,500,3216,141365,3.36,2075245,26.45,2.98
아세아,146500,1500,1.03,5000,3210,2191,5.19,3040,4.2,5.3
신도리코,31800,100,-0.31,5000,3205,10080,17.7,8741,40.25,-1.56
KBSTAR Fn수소경제테마,12815,70,-0.54,0,3197,24950,0.04,319244,NA,NA
TIGER 차이나항셍테크,8180,40,-0.49,0,3166,38700,0.27,547787,NA,NA
무학,11100,450,-3.9,200,3164,28500,14.43,194119,9.08,2.55
풍산홀딩스,30300,200,0.66,5000,3154,10410,10.17,27044,2.35,1.92
화신,9030,320,3.67,500,3153,34920,2.45,522576,10.24,-19.53
광주신세계,196000,4500,2.35,5000,3136,1600,12.34,6839,6.63,6.35
제이에스코퍼레이션,23450,600,2.63,100,3127,13336,1.57,392825,29.72,1.54
서연,13200,600,-4.35,500,3099,23480,0,491030,11.97,-1.26
태림포장,4335,55,-1.25,500,3069,70806,0.93,129560,17.69,0.97
케이씨,22550,250,-1.1,500,3056,13554,6.88,33608,7.44,9.19
LS네트웍스,3865,40,-1.02,5000,3046,78803,0.32,146965,27.03,-4.87
미원홀딩스,131000,1500,1.16,500,3039,2320,0.99,3130,11.11,11.35
KODEX 선진국MSCI World,20520,115,0.56,0,3037,14800,0,29288,NA,NA
제일파마홀딩스,19000,200,-1.04,500,3035,15973,9.53,6804,42.51,2.86
SNT홀딩스,18600,200,1.09,500,3033,16304,11.37,11234,4.42,4.62
KBSTAR 단기통안채,104590,0,0,0,3004,2872,0,553498,NA,NA
KPX케미칼,61900,300,0.49,5000,2996,4840,29.62,5020,4.74,12.7
BYC,474500,9000,1.93,5000,2964,625,1.94,740,19,4.12
경인양행,7130,110,1.57,500,2962,41546,3.6,682868,43.21,-4.18
대한제당,3290,5,0.15,500,2951,89697,2,867060,10,4.8
SBS미디어홀딩스,2090,15,0.72,500,2924,139896,2.14,298308,-9.86,-11.93
유니퀘스트,10600,100,0.95,500,2897,27329,44.72,107088,6.67,10.8
백광산업,6440,300,4.89,500,2893,44918,3.44,6206439,30.38,5.89
삼성전기우,98800,100,-0.1,5000,2872,2907,9.16,6390,8.61,NA
동성케미컬,5770,50,0.87,1000,2867,49690,4.02,38524,94.59,2.39
현대에너지솔루션,25400,150,0.59,5000,2845,11200,2.14,22914,67.2,1.93
삼영무역,15400,50,0.33,500,2844,18467,20.47,9419,8.17,7.59
현대비앤지스틸,18850,250,-1.31,5000,2842,15079,5.23,107933,5.29,5.68
DB금융투자,6680,10,0.15,5000,2835,42446,10.35,120494,2.03,12.86
대한제분,167000,1500,0.91,5000,2822,1690,8.22,2441,3.3,2.7
KPX홀딩스,66500,100,-0.15,5000,2809,4225,31.52,2466,2.1,20
무림P&P,4495,0,0,2500,2803,62368,1.94,53681,-31.22,-1.43
에어부산,3400,100,3.03,1000,2790,82070,0.49,26775908,-2.33,NA
일신방직,116000,5000,-4.13,5000,2784,2400,8.53,10448,7.31,1.42
AJ네트웍스,5920,0,0,1000,2772,46822,5.1,269254,25.3,-1.3
성신양회,11300,50,-0.44,5000,2770,24516,5.54,217049,-161.43,2.53
동일산업,114000,1000,-0.87,5000,2765,2425,2.95,2509,11.48,2.24
삼화페인트,10150,200,-1.93,500,2761,27203,9.69,69815,73.02,2.29
용평리조트,5720,130,2.33,5000,2753,48133,2.15,632062,56.63,-4.54
대영포장,2540,25,-0.97,500,2753,108395,2.75,834960,31.75,2.18
벽산,4010,5,0.12,500,2749,68560,4.37,584425,-235.88,-0.67
한농화성,17550,0,0,500,2744,15637,0.26,1658374,17.27,10.34
경농,14050,900,6.84,500,2743,19523,1.47,551246,23.85,6.7
JW홀딩스,4005,20,-0.5,500,2741,68441,2.05,48929,13.48,7.45
신한 레버리지 천연가스 선물 ETN,13675,1515,12.46,0,2735,20000,0,129236,NA,NA
도화엔지니어링,8090,40,0.5,500,2728,33720,2.23,73377,22.35,7
두산우,68200,1500,-2.15,5000,2726,3996,9.19,1806,-111.62,NA
일성건설,5040,220,4.56,500,2723,54025,64.61,6570776,45.82,3.16
사조대림,29700,250,0.85,5000,2722,9164,2.25,51390,5.04,10.02
동성제약,10400,100,0.97,1000,2714,26101,4.92,107222,-27.51,-22.52
아모레G3우(전환),38100,1000,-2.56,500,2702,7092,6.61,12407,24.27,NA
덕성,17150,700,-3.92,500,2689,15680,0.54,803620,53.76,5.61
넥센,5010,10,-0.2,500,2683,53544,2.04,59221,9.04,1.05
LS전선아시아,8750,140,-1.57,500,2680,30625,2.83,144701,23.46,5.35
KSS해운,11550,350,-2.94,500,2678,23186,5.96,142390,10.52,4.78
HANARO MSCI Korea TR,16520,50,0.3,0,2676,16200,0,50,NA,NA
CJ제일제당 우,201000,500,-0.25,5000,2668,1327,26.78,2044,7.01,NA
SOL 200TR,13970,5,-0.04,0,2661,19050,0,22098,NA,NA
사조산업,53100,300,-0.56,5000,2655,5000,3.17,16180,12.99,1.85
경보제약,11050,150,-1.34,500,2642,23907,0.81,44905,89.84,6.16
대원강업,4260,30,-0.7,500,2641,62000,2.26,181026,38.73,-1.36
한컴라이프케어,9540,230,-2.35,200,2640,27674,0.14,395318,5.46,-206.06
종근당바이오,48100,350,-0.72,2500,2639,5486,1.13,14624,-236.95,3.79
JW생명과학,16650,300,-1.77,2500,2636,15835,3.48,39288,20.3,13.25
KINDEX 미국나스닥100,13845,80,0.58,0,2631,19000,0.01,178668,NA,NA
신한 WTI원유 선물 ETN(H),5235,80,1.55,0,2618,50000,0,7629,NA,NA
KEC,2230,70,3.24,500,2603,116707,3.12,20339858,-8.71,-24.43
TIGER 차이나CSI300,11705,20,0.17,0,2599,22200,1.53,291066,NA,NA
그린케미칼,10800,50,-0.46,500,2592,24000,0.96,69504,24.16,9.33
KBSTAR 단기국공채액티브,102175,5,0,0,2590,2535,0,1999851,NA,NA
디아이,8200,180,2.24,500,2583,31497,8.08,183867,19.39,4.13
부국증권,24900,0,0,5000,2582,10370,0.91,5938,4.37,11.58
해태제과식품,8860,10,0.11,500,2580,29117,0.58,20323,10.56,10.84
세방,13350,250,-1.84,500,2578,19309,4.59,91189,7.24,3.89
TIGER CD금리투자KIS(합성),50420,0,0,0,2573,5104,0,5418,NA,NA
동남합성,70700,100,-0.14,500,2552,3610,0.01,5326,23.61,16.1
삼익THK,12150,50,0.41,500,2552,21000,34.68,23297,42.04,2.36
NPC,6940,340,-4.67,500,2548,36720,4.22,1073288,13.42,6.53
KINDEX 삼성그룹섹터가중,17090,85,-0.49,0,2546,14900,0,2629,NA,NA
KBSTAR 국고채3년선물인버스,100210,65,0.06,0,2537,2532,0,309,NA,NA
KBSTAR KIS단기종합채권(AA-이상)액티브,100070,15,0.01,0,2530,2528,0,8,NA,NA
TIGER 글로벌4차산업혁신기술(합성 H),19270,85,0.44,0,2524,13100,0.49,36334,NA,NA
삼영전자,12600,200,-1.56,500,2520,20000,42.63,131505,16.17,2.34
아시아나IDT,22700,1200,-5.02,500,2520,11100,0.15,589855,14.64,-6.03
대동,10450,50,0.48,1000,2480,23728,4.44,371081,8.41,7.74
금양,5090,230,4.73,500,2475,48625,0.65,4095027,-318.12,-5.36
삼성 레버리지 천연가스 선물 ETN B,24680,2770,12.64,0,2468,10000,0,16865,NA,NA
한신공영,21300,400,-1.84,5000,2465,11571,14.68,27962,2.99,18.96
흥국화재,3800,40,1.06,5000,2441,64243,1.95,62634,6.71,3.16
대덕,7200,50,-0.69,500,2440,33890,6.34,108723,2.48,17.88
신원,2865,660,29.93,500,2436,85042,1.01,91182826,79.58,-3.92
금강공업,8300,30,-0.36,1000,2434,29329,1.67,92505,31.2,-0.55
S-Oil우,60500,100,-0.17,2500,2433,4022,16.11,11741,7.78,NA
TIGER 미국S&P500선물(H),51935,430,0.83,0,2428,4675,0,94601,NA,NA
STX엔진,10550,50,-0.47,2500,2427,23009,0,25703,22.03,8.19
한양증권,18950,250,1.34,5000,2412,12729,8.39,40928,3.29,14.23
한라,6190,80,1.31,5000,2406,38875,1.77,882676,2.73,34.98
미래에셋 레버리지 원유선물혼합 ETN(H),5850,170,2.99,0,2398,41000,0,39704,NA,NA
한국주철관,10500,150,1.45,500,2394,22800,3.04,178370,6.67,4.05
인바이오젠,4630,305,7.05,500,2387,51561,1.81,4159791,-4.97,-62.65
KODEX 반도체,34480,190,-0.55,0,2379,6900,0.98,81676,NA,NA
현대코퍼레이션,17900,250,1.42,5000,2368,13229,6.9,28254,5.11,15.09
대성에너지,8600,80,-0.92,1000,2365,27500,2.65,386854,17.03,4.55
효성ITX,20450,50,-0.24,500,2364,11558,0.53,14271,19.31,25.21
한솔테크닉스,7310,100,1.39,5000,2347,32110,6.44,69905,21.69,9.7
KINDEX 중국본토CSI300,31220,35,0.11,0,2342,7500,0.06,20179,NA,NA
NH투자증권우,12350,50,-0.4,5000,2331,18871,7.47,64925,4.4,NA
IHQ,1590,10,0.63,500,2325,146236,3.76,1013272,-18.07,-14.32
대한방직,43600,50,-0.11,1000,2311,5300,0.57,3735,90.08,2.04
예스코홀딩스,38500,0,0,5000,2310,6000,14.98,1924,-4.12,-13.18
동아지질,19950,250,1.27,500,2294,11500,5.98,84747,69.76,1.06
팜스코,6200,10,0.16,500,2277,36728,1.49,49726,7.24,4.21
SK케미칼우,156000,500,-0.32,5000,2276,1459,12.15,39214,19.82,NA
일신석재,2920,465,18.94,500,2262,77457,1.12,55273886,292,1.22
현대차3우B,93000,100,-0.11,5000,2259,2429,25.71,6886,6.74,NA
디씨엠,19150,200,1.06,500,2241,11700,1.31,56133,6.63,10.98
디아이씨,5750,170,-2.87,500,2236,38889,1.76,736284,-3.93,-128.28
KODEX 골드선물(H),11875,60,-0.5,0,2197,18500,0.03,83829,NA,NA
샘표식품,47950,450,0.95,500,2190,4568,5.21,7902,8.45,20.65
서연이화,8020,220,-2.67,500,2168,27028,6.77,246426,7.64,-6.8
KINDEX 단기통안채,100465,0,0,0,2160,2150,0,367,NA,NA
KINDEX 베트남VN30(합성),22000,40,0.18,0,2156,9800,0.02,48740,NA,NA
백산,8880,70,-0.78,500,2149,24200,2.62,242538,18.89,-11.97
에이블씨엔씨,7940,120,1.53,500,2146,27033,11.17,44066,-2.13,-43.75
일성신약,80600,800,1,5000,2144,2660,2.4,914,-75.19,0.93
범양건영,8600,170,2.02,1000,2136,24832,1.01,1246470,17.81,14.51
인지컨트롤스,14050,0,0,500,2130,15160,2.33,60863,39.03,-1.77
대성산업,4700,115,-2.39,5000,2126,45235,0.93,114067,4.2,10.57
HANARO 200TR,48850,10,-0.02,0,2125,4350,0,71,NA,NA
TIGER 단기채권액티브,50170,0,0,0,2122,4230,0,5220,NA,NA
LG우,70200,200,0.29,5000,2121,3022,44.45,2814,4.4,NA
노루페인트,10600,50,0.47,500,2120,20000,6.09,52499,13.32,5.48
두산퓨얼셀1우,15800,100,0.64,100,2112,13364,14.08,31080,263.33,NA
코오롱머티리얼,3075,0,0,1000,2111,68659,0.9,0,-13.67,-21.4
GS글로벌,2545,15,-0.59,2500,2100,82534,4.07,214892,-2.47,-24.91
DB,1040,30,2.97,500,2092,201174,1.73,785569,24.19,2.39
팜젠사이언스,14200,550,4.03,500,2089,14713,1.4,18016383,8.57,13.21
TCC스틸,8830,80,0.91,1000,2075,23500,2.76,432593,29.83,-1.3
일진전기,5580,100,-1.76,1000,2069,37080,2.46,300832,18.54,1.57
HDC아이콘트롤스,12450,0,0,500,2049,16460,3.07,14099,17.89,9.42
신라교역,12800,150,1.19,500,2048,16000,3.31,17681,13.68,1.48
제주은행,6370,10,0.16,5000,2047,32129,0.78,229561,10.44,3.48
삼화전기,30850,800,-2.53,1000,2040,6614,26.07,84315,16.51,9.04
KODEX WTI원유선물(H),11210,190,1.72,0,2015,17975,0,392314,NA,NA
카프로,5020,60,-1.18,500,2008,40000,5.87,483488,-8.39,-39.82
에이플러스에셋,8850,270,3.15,500,2001,22608,0.87,396232,12.29,29.7
ARIRANG 고배당주,12660,40,0.32,0,1994,15750,0,61767,NA,NA
동방,4985,95,1.94,1000,1993,39972,2.66,507211,6.11,12.87
삼양통상,66300,500,-0.75,5000,1989,3000,5.16,5151,3.26,14.17
대호에이엘,4050,140,3.58,500,1984,48997,1.31,362659,30.92,2.43
신풍제약우,90000,500,-0.55,500,1980,2200,0.42,12237,1500,NA
센트랄모텍,22800,100,-0.44,500,1963,8610,0.58,23458,17.48,6.84
대창,2145,35,-1.61,500,1955,91140,1.37,736455,7.77,3.5
KBSTAR IT플러스,21515,100,0.47,0,1949,9060,0,35133,NA,NA
하나 코스피 변동성추세 추종 양매도 ETN,7750,0,0,0,1938,25000,0,0,NA,NA
삼성물산우B,118000,1000,-0.84,100,1920,1627,9.03,3637,13.46,NA
KCTC,6400,30,-0.47,500,1920,30000,0.84,98054,10.14,6.54
웅진,2395,60,-2.44,500,1914,79927,1.04,689616,12.54,-39.32
아남전자,2475,30,-1.2,500,1909,77125,1.3,690918,19.04,9.11
SK이노베이션우,152500,500,0.33,5000,1904,1248,11.04,5003,-31.59,NA
한국특강,3570,5,0.14,500,1901,53242,0.87,99218,11.44,4.06
대한화섬,143000,2500,-1.72,5000,1899,1328,0.08,766,10.17,2.84
이엔플러스,3685,25,-0.67,500,1891,51324,1.03,371707,-11.37,-27.8
성창기업지주,2710,15,0.56,500,1890,69752,2.11,164146,14.97,0.96
태경산업,6460,70,-1.07,500,1888,29229,2.84,150900,21.39,1.59
현대약품,5900,20,0.34,500,1888,32000,1.49,97575,-134.09,2.52
우진,9270,830,-8.22,500,1884,20324,0.96,4518876,6.36,25.83
HDC현대EP,5890,140,-2.32,500,1879,31900,7.05,296736,12.83,4.79
사조동아원,1320,65,5.18,500,1863,141145,1.1,2714136,12.82,4.74
태경케미컬,16050,600,-3.6,500,1862,11600,1.8,99838,17.35,6.37
깨끗한나라,4980,15,-0.3,1000,1855,37241,2.12,173313,9.45,20.21
쌍방울,701,0,0,500,1841,262592,3.96,3156016,14.6,-8.46
대신증권2우B,18250,0,0,5000,1825,10000,1.81,18403,2.59,NA
코스맥스비티아이,18900,450,2.44,500,1815,9604,4.8,37590,194.85,-2.15
KBSTAR 코스닥150선물레버리지,17190,35,-0.2,0,1807,10510,0.04,38921,NA,NA
화성산업,14450,150,1.05,5000,1799,12451,10.56,174486,12.66,NA
한국내화,4380,200,4.78,500,1799,41067,0.67,589060,15.05,NA
명문제약,5280,20,0.38,500,1793,33953,0.93,106996,-15.58,-33.77
KBSTAR 코스피,31400,40,-0.13,0,1774,5650,0.15,1043,NA,NA
이스타코,4125,325,8.55,500,1768,42852,0.35,4822868,412.5,-0.12
동양철관,1485,70,4.95,500,1765,118885,1.73,1855785,-1485,8.41
태경비케이,6390,260,4.24,500,1763,27583,2.86,661485,23.15,3.42
TIGER 코스닥150,15425,20,0.13,0,1762,11420,5.19,190739,NA,NA
HANARO 단기채권액티브,100165,5,0,0,1747,1744,0,1,NA,NA
미원화학,79100,100,0.13,1000,1740,2199,5.19,170,15.69,12.81
강남제비스코,26650,500,-1.84,1000,1732,6500,11.4,13207,1.76,4.34
두올,5210,10,0.19,2500,1723,33067,0.74,642755,12.23,3
TIGER 헬스케어,44395,560,-1.25,0,1723,3880,0.26,36134,NA,NA
동아타이어,12500,50,0.4,500,1717,13733,3.2,8920,10.92,3.69
한솔홀딩스,4085,5,0.12,1000,1716,42009,14.84,63000,2.88,15.2
노루홀딩스,12900,50,0.39,500,1715,13291,3.81,12612,12.8,3.8
진양홀딩스,3055,5,-0.16,500,1708,55895,3.35,101588,18.52,8.23
삼익악기,1885,5,-0.26,500,1706,90531,3.07,243761,3.02,4.49
대양금속,5450,50,-0.91,500,1694,31090,0.7,568181,78.99,-0.91
오리엔트바이오,1410,100,7.63,500,1672,118583,0.87,2280045,-13.56,-29.7
KBSTAR 코스닥150,15110,5,-0.03,0,1671,11060,0.06,17591,NA,NA
대유플러스,1380,10,-0.72,500,1670,120999,1.53,1028801,276,-9.07
신세계건설,41700,850,2.08,5000,1668,4000,4.3,11246,6.25,6.12
에넥스,2780,70,2.58,500,1668,59992,0.7,981803,-20.9,-17.89
한국공항,52600,500,0.96,5000,1666,3166,4.94,40039,-7.15,-15.94
TIGER 미국MSCI리츠(합성 H),15135,0,0,0,1665,11000,0.33,42195,NA,NA
신흥,17400,200,1.16,500,1653,9500,0.8,19586,13.65,14.45
한국패러랠,2055,10,0.49,0,1644,80020,0,3157,NA,NA
DL이앤씨우,77100,400,-0.52,5000,1630,2114,7.58,5172,NA,NA
이수페타시스,3905,130,-3.22,1000,1612,41268,2.29,593070,-18,-19.14
광전자,2775,140,5.31,500,1608,57944,21.43,202749,-14.61,-7.56
모나리자,4370,30,-0.68,500,1598,36571,0.92,154394,35.24,11.62
한국화장품,9920,50,0.51,500,1594,16068,0.54,18284,-12.05,-23.66
한국석유,12550,100,-0.79,500,1593,12694,1.25,145626,15.36,4.6
삼성공조,19500,0,0,500,1585,8126,1.14,70560,20.48,2.46
KBSTAR 중기우량회사채,104935,80,-0.08,0,1574,1500,0,124,NA,NA
SNT에너지,20900,450,-2.11,500,1569,7507,4.61,59691,20,4.07
영풍제지,7050,40,-0.56,500,1565,22200,0.21,37469,19.75,6.94
유수홀딩스,6000,20,0.33,2500,1562,26042,8.88,29496,1.92,30.04
황금에스티,9750,70,-0.71,500,1560,16000,3.76,192824,7.57,6.34
DSR,9700,50,-0.51,500,1552,16000,0.71,287935,14.41,5.67
유화증권,2730,30,1.11,1000,1548,56702,3.59,50083,20.68,1.12
KODEX 차이나항셍테크,8195,45,-0.55,0,1541,18800,0.16,276395,NA,NA
수산중공업,2850,40,1.42,500,1539,53985,4.22,449330,55.88,3.95
TRUE 레버리지 나스닥 100 ETN,30740,365,1.2,0,1537,5000,0,6006,NA,NA
극동유화,4400,45,-1.01,500,1534,34869,1.58,693019,16.92,4.54
일동홀딩스,13250,250,1.92,1000,1529,11540,2.12,23080,-4.79,-14.74
이건산업,13850,150,-1.07,5000,1517,10953,5.14,168485,12.16,0.96
한솔홈데코,1880,5,0.27,1000,1515,80565,2.24,1045775,117.5,0.38
TIGER 중국소비테마,8710,10,-0.11,0,1500,17220,0,37666,NA,NA
삼일씨엔에스,11750,150,-1.26,1000,1496,12732,1.04,19365,-7.78,-0.37
디와이파워,13500,650,-4.59,500,1491,11042,8.95,187718,4.23,14.27
SG세계물산,733,3,0.41,500,1484,202425,1.36,455574,2.99,-5.16
STX중공업,5180,110,-2.08,2500,1469,28366,0.56,230830,-9.09,0.73
부산산업,137000,8500,6.61,5000,1447,1056,2.27,26936,-944.83,4.33
CJ씨푸드,4025,0,0,500,1446,35931,0.83,68295,37.62,3.23
남광토건,14700,600,4.26,5000,1445,9829,1.67,59764,8.9,23.1
세아특수강,16850,150,-0.88,5000,1444,8570,2.97,14788,14.07,-1.42
계양전기,4420,20,-0.45,500,1441,32600,3.18,99152,15.84,5.3
한진중공업홀딩스,4850,45,0.94,5000,1432,29530,2.13,33152,-17.02,-1.15
윌비스,2175,25,-1.14,1000,1431,65772,4.21,966562,-23.39,-2.43
우리들휴브레인,1770,90,5.36,500,1428,80699,1.04,5734915,6.3,20.12
코오롱인더우,51500,400,-0.77,5000,1425,2768,14.21,80003,10.31,NA
대원전선,2005,20,-0.99,500,1424,71017,2.55,1106385,-250.62,2.79
이구산업,4250,255,-5.66,500,1421,33442,1.3,1135822,10.42,1.86
에쓰씨엔지니어링,4910,60,-1.21,500,1416,28831,0.39,312820,-12.82,-5.06
디와이,5360,40,-0.74,500,1411,26320,10.56,79140,-29.61,-3.39
시디즈,70500,1000,-1.4,500,1410,2000,1.97,2305,7.84,42.92
경동도시가스,23900,0,0,2500,1409,5895,16.27,15937,5.88,5.46
대원화성,3415,25,0.74,500,1409,41249,1.18,820021,-85.38,-2.8
유유제약,8170,110,-1.33,1000,1408,17232,1.37,85067,453.89,1.26
CJ우,62000,400,-0.64,5000,1401,2260,13.45,441,42.38,NA
태평양물산,2910,135,4.86,500,1401,48150,2.3,5333826,-10.98,-7.14
국동,2565,0,0,500,1387,54074,1.21,579499,-19,20.63
일진디스플,4020,20,0.5,500,1386,34468,3.7,58383,-3.36,-94.15
미창석유,79600,500,-0.62,5000,1385,1740,32.1,1418,5.57,7.36
SK우,244500,1000,-0.41,200,1384,566,2.33,1785,15.78,NA
크라운해태홀딩스,9310,170,1.86,500,1382,14847,3.32,39391,6.58,8.4
대유에이텍,1235,20,-1.59,500,1381,111862,0.8,1117732,28.07,-1.86
보락,2290,5,-0.22,200,1372,59900,2.03,602354,114.5,0.9
보해양조,1000,0,0,500,1368,136786,2.27,828590,50,2.22
솔루스첨단소재1우,18550,450,2.49,100,1366,7366,9.06,44984,-48.31,NA
토니모리,7430,20,0.27,200,1366,18384,0.61,25048,-9.56,-46.89
삼호개발,5460,10,-0.18,500,1365,25000,6.03,48859,8.31,9.26
세원이앤씨,938,9,-0.95,500,1365,145510,2.26,17455128,-5.72,-15.32
대현,3080,40,1.32,500,1364,44282,7.96,1379640,10.58,4.48
KODEX 미국나스닥100TR,11840,75,0.64,0,1362,11500,0.01,204966,NA,NA
조선선재,108000,1000,0.93,500,1358,1258,1.31,11666,14.38,8.09
휴스틸,17700,300,1.72,5000,1355,7656,3.53,142205,5.09,2.13
세이브존I&C,3300,35,-1.05,1000,1354,41041,9.73,22090,14.29,2.2
한국화장품제조,29850,50,-0.17,500,1353,4532,0.71,8061,-32.87,-8.72
이지스밸류리츠,5630,50,0.9,1000,1351,24000,3.04,136341,NA,NA
화승코퍼레이션,2695,10,-0.37,500,1349,50051,2.97,115981,-5.51,-17.15
지엠비코리아,7070,80,-1.12,500,1348,19072,56.31,42842,50.5,-3.69
삼원강재,3370,20,-0.59,500,1348,40000,0.85,37808,15.32,3.84
DSR제강,9330,370,-3.81,500,1344,14400,1.35,537095,51.55,3.67
국제약품,6940,10,-0.14,1000,1338,19276,0.86,218477,-66.1,3.35
TIGER 글로벌자율주행&전기차SOLACTIVE,10730,150,1.42,0,1335,12440,1.8,154655,NA,NA
엔케이물산,1670,40,-2.34,100,1327,79439,6.43,4702923,-23.19,7.04
조비,25550,2200,9.42,5000,1327,5192,1.89,728335,56.9,6.06
TIGER 반도체,35470,215,-0.6,0,1327,3740,1.07,37844,NA,NA
KODEX 미국S&P500TR,11515,100,0.88,0,1324,11500,0,159370,NA,NA
KOSEF 국고채10년,120060,555,-0.46,0,1321,1100,0,3145,NA,NA
신일전자,1855,5,-0.27,500,1318,71048,3.15,1006973,15.99,11.08
부국철강,6580,800,-10.84,500,1316,20000,1.05,7621809,20,0.72
유니온머티리얼,3130,25,-0.79,500,1315,42000,0.82,157678,-44.71,-1.59
KBSTAR 미국나스닥100,13400,75,0.56,0,1313,9800,0,72376,NA,NA
아센디오,2065,15,0.73,500,1311,63509,0,89957,29.93,-124.63
TRUE 코스피 양매도 5% OTM ETN,8740,10,0.11,0,1311,15000,0,3643,NA,NA
샘표,45400,50,0.11,1000,1306,2876,6.13,3186,9.32,10.5
KODEX 미국S&P500선물(H),21395,195,0.92,0,1305,6100,0.01,48682,NA,NA
DRB동일,6540,50,-0.76,500,1303,19930,1.83,21881,-26.37,0.66
TIGER 현대차그룹+펀더멘털,25340,250,-0.98,0,1302,5140,0.08,31050,NA,NA
TRUE 레버리지 S&P500 선물 ETN(H),25980,435,1.7,0,1299,5000,0,744,NA,NA
TIGER 미국달러단기채권액티브,10075,0,0,0,1296,12860,0,61399,NA,NA
아모레G우,20100,0,0,500,1295,6444,47.93,14864,12.8,NA
평화산업,2350,175,8.05,500,1290,54902,1.49,23544779,47,-26.4
크라운제과,10300,150,-1.44,200,1290,12524,1.72,18775,8.99,11
서울식품,348,1,0.29,100,1287,369914,2.43,3050134,-20.47,-9.36
한창제지,2155,5,0.23,500,1286,59667,1.51,376044,9.02,11.72
TRUE 레버리지 천연가스 선물 ETN(H),12835,1410,12.34,0,1284,10000,0,110648,NA,NA
KC코트렐,7290,130,1.82,500,1283,17600,1.48,149259,-2.3,-148.07
대신 골드 커버드콜 타겟 5%인컴 ETN(H),12800,110,-0.85,0,1280,10000,0,93,NA,NA
기신정기,4370,60,-1.35,500,1276,29200,65.64,35627,11.26,4.06
인팩,12700,150,1.2,500,1270,10000,2.21,35620,11.78,3.55
미래에셋 코스피 양매도 5% OTM ETN,8395,0,0,0,1259,15000,0,0,NA,NA
광명전기,2890,60,2.12,500,1252,43338,2.77,884757,37.05,4.67
인천도시가스,28600,100,-0.35,5000,1251,4375,1.79,5048,10.54,6.05
핸즈코퍼레이션,5710,240,-4.03,500,1248,21863,0.26,137589,-3.51,-2.52
NI스틸,4360,40,-0.91,500,1247,28600,3.18,68290,7.43,10.45
KC그린홀딩스,5550,10,-0.18,500,1245,22435,3.96,77689,-6.54,-22.99
STX,4630,0,0,2500,1244,26868,2.01,104010,-3.38,-48.03
대림B&Co,7450,100,-1.32,1000,1242,16672,3.09,45980,22.71,-1.06
TIGER 200선물인버스2X,2175,0,0,0,1240,57000,12.76,2917298,NA,NA
대구백화점,11350,150,1.34,5000,1228,10822,0.75,12203,-6.58,-6.63
한솔로지스틱스,4465,95,2.17,500,1227,27477,7.49,3105089,4.96,17.09
상상인증권,1255,40,3.29,1000,1218,97069,0.94,145626,16.51,1.54
KBSTAR Fn5G테크,10585,20,0.19,0,1212,11450,0.07,36750,NA,NA
서원,2550,155,-5.73,500,1211,47475,3.51,1453732,16.14,-5.38
현대코퍼레이션홀딩스,13300,0,0,5000,1210,9101,4.84,28666,6.07,9.98
가온전선,29000,200,0.69,5000,1206,4160,2.61,10203,19.81,3.65
한미글로벌,11000,100,-0.9,500,1205,10958,3.17,42270,9.59,7.84
삼일제약,8880,130,-1.44,500,1202,13537,2.76,134172,-88.8,2.13
까뮤이앤씨,2650,35,1.34,500,1197,45152,0.92,1069808,101.92,11.98
동양피스톤,9080,220,-2.37,500,1196,13168,0.79,701807,67.76,-7.29
써니전자,3410,40,-1.16,500,1188,34845,3.07,334538,23.04,9.92
큐로,511,1,0.2,500,1181,231212,1.52,489560,NA,1.34
무림페이퍼,2830,20,0.71,2500,1178,41609,4,85964,-2.52,-9.21
웰바이오텍,2005,30,-1.47,500,1176,58677,0.86,445597,-2,-141.53
비상교육,9040,20,-0.22,500,1175,12997,8.74,79381,18.91,-7.24
TIGER 200선물레버리지,19220,5,-0.03,0,1172,6100,9.99,1413696,NA,NA
KTcs,2740,20,0.74,500,1170,42685,9.6,140408,7.04,6.64
조흥,194500,500,-0.26,5000,1167,600,0,57,7.09,5.72
KODEX 차이나CSI300,14230,5,-0.04,0,1167,8200,0,101678,NA,NA
콤텍시스템,962,1,0.1,500,1165,121051,1.08,920861,-320.67,NA
동일고무벨트,8370,0,0,500,1163,13900,2.61,15531,51.99,3.7
새론오토모티브,6050,10,0.17,500,1162,19200,67.61,9295,7.74,2.86
HANARO e커머스,18650,125,0.67,0,1156,6200,0.04,59677,NA,NA
KODEX 한국대만IT프리미어,19910,80,-0.4,0,1155,5800,0.01,6009,NA,NA
형지엘리트,3705,315,9.29,500,1154,31155,0.82,2394123,36.32,-2.02
대우부품,2420,30,1.26,500,1153,47646,1.89,223923,-55,-10.09
한신기계,3550,15,-0.42,500,1152,32446,4.4,871785,31.98,4.24
유니켐,1675,20,-1.18,500,1151,68710,2.82,884654,10.15,12.01
호전실업,14350,0,0,500,1148,8000,4.48,135735,-10.27,-14.99
KODEX 단기변동금리부채권액티브,102765,15,0.01,0,1142,1111,0,203,NA,NA
영화금속,2135,120,-5.32,500,1140,53395,0.52,2504639,-12.34,-12.53
TIGER 차이나CSI300레버리지(합성),30700,80,0.26,0,1136,3700,0.07,47716,NA,NA
영흥,1120,5,-0.44,500,1135,101310,0.72,433459,-4.89,-12.89
티웨이홀딩스,1455,45,-3,500,1127,77457,1.17,1155023,-1.53,-71.98
남성,3110,0,0,500,1126,36212,0.94,127355,-9.69,-19.75
TIGER 여행레저,5855,5,-0.09,0,1122,19170,0.92,1454213,NA,NA
퍼스텍,2335,5,0.21,500,1122,48061,2.57,176148,10.57,19.81
엔에이치스팩19호,2185,5,0.23,100,1121,51290,2.52,98507,NA,NA
화승알앤에이,5900,50,-0.84,500,1121,18994,1.43,50239,NA,NA
휴니드,7930,280,-3.41,5000,1119,14116,23.09,218950,7.26,4.86
방림,2630,10,-0.38,500,1113,42314,1.76,193448,12.06,2.62
지투알,6710,160,2.44,1000,1112,16567,32.55,39627,7.7,6.27
인터지스,3705,85,-2.24,500,1102,29748,1.77,244365,7.59,2.81
SH에너지화학,987,12,-1.2,500,1097,111134,33.71,1381948,-82.25,-7.29
대창단조,7670,70,-0.9,1000,1096,14286,9.08,29373,6.2,7.2
ARIRANG 코스피TR,15750,20,-0.13,0,1095,6950,0.02,22,NA,NA
신영와코루,121500,0,0,5000,1094,900,26.38,234,38.66,0.93
텔코웨어,11200,0,0,500,1087,9703,1.31,6635,248.89,1.69
한국ANKOR유전,1550,0,0,0,1085,70020,0.04,34462,NA,NA
삼영화학,3180,20,0.63,500,1081,34000,2.81,265978,227.14,0.49
두산2우B,120500,3000,-2.43,5000,1076,893,0.46,2721,-197.22,NA
세하,1860,0,0,1000,1071,57563,0.74,297532,7.98,21.14
SG글로벌,2380,30,-1.24,500,1070,44964,5.14,173473,-54.09,-1.79
한국수출포장,26650,100,-0.37,5000,1066,4000,6.03,6214,7.66,3.34
KINDEX 미국WideMoat가치주,17755,180,1.02,0,1065,6000,0,65313,NA,NA
조광페인트,8230,130,1.6,500,1053,12800,1.54,49726,-242.06,2.38
KODEX Fn성장,18155,15,0.08,0,1053,5800,0,1031,NA,NA
이지스레지던스리츠,5110,10,0.2,1000,1053,20600,0.18,37878,NA,NA
케이비아이동국실업,1205,30,-2.43,500,1051,87218,0.41,1429831,13.85,-6.83
동방아그로,7580,90,1.2,500,1032,13618,30.61,26832,13.32,4.84
TIGER 200 건설,3325,70,-2.06,0,1031,31020,0.14,950243,NA,NA
비케이탑스,6700,110,-1.62,500,1012,15097,0.38,157539,-1.55,NA
미래에셋맵스리츠,5010,10,0.2,1000,1007,20100,0.04,52289,NA,NA
KODEX 국고채3년,57860,45,-0.08,0,1007,1740,0.01,1455,NA,NA
사조오양,10650,150,-1.39,5000,1004,9423,2.61,26195,5.55,10.48
MH에탄올,13600,700,-4.9,500,1003,7379,0.89,285220,10.65,11.49
덕양산업,3080,30,0.98,500,1003,32565,0.8,102350,102.67,-12.7
TIGER 경기방어,12170,130,-1.06,0,1003,8240,0,12225,NA,NA
KR모터스,1035,20,-1.9,500,995,96137,46.08,302449,-9.67,-29.64
TIGER 부동산인프라고배당,5910,10,0.17,0,993,16800,0.22,98343,NA,NA
천일고속,69400,200,-0.29,5000,992,1429,0.31,437,17350,-15.21
유니온,6320,40,-0.63,500,987,15612,0.72,85753,2.55,12.93
인디에프,1670,215,14.78,500,984,58933,0.9,8472863,-3.65,-41.73
KODEX 배당가치,13465,0,0,0,983,7300,0,288896,NA,NA
TIGER KRX바이오K-뉴딜,10320,30,-0.29,0,970,9400,0.88,189104,NA,NA
우진플라임,4820,120,2.55,500,964,20000,2.07,64283,7.94,13.7
비비안,3235,20,0.62,500,964,29794,0.79,211451,-3.39,-54
KODEX 은선물(H),4660,20,0.43,0,960,20600,0,259338,NA,NA
우성사료,31050,150,-0.48,5000,959,3090,3.31,9678,13.42,3.29
KODEX 미국달러선물,10415,5,0.05,0,954,9160,0,580679,NA,NA
한일철강,3570,65,1.85,500,953,26697,3.91,132576,5.97,-3.3
대신 2X 니켈선물 ETN(H),18970,5,-0.03,0,948,5000,0,3248,NA,NA
삼화왕관,44000,150,0.34,5000,948,2154,6.92,955,70.06,1.03
사조씨푸드,5450,20,0.37,1000,938,17219,1.5,37833,8.07,3.78
TIGER 차이나바이오테크SOLACTIVE,11755,105,0.9,0,936,7960,2.17,49747,NA,NA
문배철강,4560,15,-0.33,500,935,20504,1.21,148069,4.34,7.48
KOSEF 통안채1년,101255,5,0,0,932,920,0.02,47110,NA,NA
모나미,4915,25,-0.51,1000,929,18897,1.95,91613,23.18,0.09
한국프랜지,3040,50,1.67,1000,926,30450,4.14,108691,4.08,5.24
국보,1515,5,0.33,500,925,61066,0.78,2642405,-5.85,-67.86
엔케이,1155,20,1.76,500,924,79983,3.41,259966,144.38,-0.03
다스코,5640,140,-2.42,500,919,16300,2.56,94187,-7.05,-6.54
ARIRANG ESG가치주액티브,9725,10,-0.1,0,919,9450,0,175,NA,NA
마니커,463,1,-0.22,500,919,198473,1.75,914641,-4.82,-44.06
유성기업,3540,0,0,500,919,25948,13.92,92737,31.61,-1.75
영보화학,4590,30,0.66,500,918,20000,53.78,99751,21.55,1.94
KODEX TRF3070,11450,15,0.13,0,916,8000,0,92124,NA,NA
한국종합기술,8300,110,1.34,500,909,10950,1.91,50592,10.4,5.12
페이퍼코리아,2395,0,0,500,906,37836,0.54,217865,-24.44,1.18
TIGER 미국S&P500레버리지(합성 H),33510,510,1.55,0,905,2700,0,21332,NA,NA
제이준코스메틱,1290,5,-0.39,500,905,70127,2.4,352638,-2.79,-37.83
KTis,2595,20,-0.76,500,903,34802,6.56,88742,11.8,4.4
TIGER 소프트웨어,16655,285,1.74,0,903,5420,0.52,230135,NA,NA
신풍제지,2575,25,-0.96,500,900,34959,2.07,69115,2.25,38.76
NH프라임리츠,4820,10,0.21,500,899,18660,0.11,27869,44.63,2.16
KODEX 건설,3860,40,-1.03,0,899,23300,0.24,536827,NA,NA
경동인베스트,37950,100,0.26,5000,898,2365,13.57,5082,6.33,3.68
만호제강,21600,0,0,1000,896,4150,6.25,4078,103.35,0.37
상신브레이크,4150,5,0.12,500,891,21471,2.69,61277,7.89,-1.6
다이나믹디자인,555,5,-0.89,500,878,158289,2.19,1310129,-2.01,-90.21
한창,1300,60,4.84,500,868,66790,2.15,2967600,-7.93,-53.91
쎌마테라퓨틱스,6410,0,0,500,862,13452,0.63,0,-4.16,-1165.4
신한 레버리지 은 선물 ETN(H),8615,70,0.82,0,862,10000,0,80860,NA,NA
화인베스틸,2900,60,-2.03,500,857,29550,3.86,222263,-4.27,-18.43
고려산업,3430,5,0.15,1000,855,24939,1.57,158926,9.74,6.91
제일연마,8550,30,-0.35,500,855,10000,5.07,4166,17.34,3.84
성보화학,4190,105,2.57,500,839,20020,1.66,71640,-13.97,NA
화천기공,37900,250,0.66,5000,834,2200,8.51,10721,39.89,1.52
KBSTAR KIS국고채30년Enhanced,102680,1755,-1.68,0,832,810,0,581,NA,NA
HANARO 200선물인버스,9040,15,0.17,0,832,9200,0.02,7966,NA,NA
미래에셋증권우,5880,30,0.51,5000,828,14076,0.66,19947,4.46,NA
KODEX K-미래차액티브,11005,95,0.87,0,825,7500,0.07,162907,NA,NA
KODEX 미국나스닥100선물(H),19410,125,0.65,0,825,4250,0,27330,NA,NA
세원정공,8090,0,0,500,809,10000,14.92,0,3.26,5.76
대동전자,7710,270,-3.38,500,809,10490,42.24,45616,21.84,2.22
KBSTAR 중국본토대형주CSI100,20660,210,1.03,0,806,3900,0,12841,NA,NA
삼정펄프,32150,450,1.42,5000,804,2500,3.93,3541,8.04,13.58
TIGER 글로벌BBIG액티브,11965,40,0.34,0,803,6710,0,81332,NA,NA
KBSTAR 고배당,12795,10,0.08,0,793,6200,0.36,18259,NA,NA
TIGER 유로스탁스50(합성 H),14255,5,-0.04,0,784,5500,0,30883,NA,NA
진양산업,5990,30,0.5,500,779,13000,5.44,65406,16.37,12.16
한익스프레스,6460,20,0.31,500,775,12000,2.35,57249,48.21,-2.87
TIGER 탄소효율그린뉴딜,10005,5,0.05,0,770,7700,0.02,9149,NA,NA
참엔지니어링,1385,10,0.73,500,769,55529,3.99,107627,43.28,7.18
대신 철광석 선물 ETN(H),37450,2475,7.08,0,749,2000,0,3958,NA,NA
혜인,5890,0,0,500,749,12713,4.52,61394,8.18,4.97
평화홀딩스,5100,130,-2.49,500,746,14625,16.47,675859,6.83,-2.68
하이스틸,3720,30,0.81,500,744,19999,1.64,243132,6.38,-0.99
우신시스템,4060,150,-3.56,500,744,18314,0.7,121021,-3.79,-11.2
DL우,44050,50,-0.11,5000,743,1686,7.73,2395,1.42,NA
전방,44200,1500,-3.28,5000,743,1680,0.56,12381,3.68,4.35
TIGER 퓨처모빌리티액티브,11900,220,1.88,0,741,6230,1.51,117045,NA,NA
SJM,4725,30,-0.63,500,737,15605,12.55,33429,12.3,1.63
대교우B,3755,70,-1.83,500,729,19427,5.1,246181,-75.1,NA
미래아이앤지,563,3,0.54,100,729,129484,4.65,1168455,24.48,24.75
ARIRANG 신흥국MSCI(합성 H),12240,55,0.45,0,725,5920,0,11708,NA,NA
CS홀딩스,62700,100,-0.16,5000,724,1154,3.04,2348,9.42,3.2
주연테크,1325,125,-8.62,200,724,54612,3.25,5758077,27.04,-5.86
한세엠케이,5590,80,-1.41,500,722,12909,12.01,41785,-4.71,-25.79
메타랩스,1095,15,-1.35,500,721,65883,0,250961,-5,-33.92
금비,72000,700,0.98,5000,720,1000,1.05,1210,26.83,-3.4
KOSEF 단기자금,101230,5,0,0,717,708,0.19,322,NA,NA
케이탑리츠,1550,20,-1.27,1000,716,46224,15.37,584530,6.28,15.17
태양금속,1940,40,-2.02,500,712,36700,1.03,888075,-12.6,-11.4
세우글로벌,2470,0,0,500,709,28705,1.59,0,-70.57,2.44
신한 레버리지 다우존스지수 선물 ETN(H),35395,740,2.14,0,708,2000,0,740,NA,NA
유한양행우,59600,400,-0.67,1000,704,1181,0,922,43.35,NA
SUN&L,5550,70,1.28,1000,700,12608,1.04,34837,-6.84,-4.33
KBSTAR 국채선물5년추종인버스,50520,90,0.18,0,697,1380,0,6,NA,NA
TIGER 코스닥150 레버리지,17840,20,-0.11,0,696,3900,7.21,127371,NA,NA
TIGER 국채3년,110065,75,-0.07,0,693,630,0,712,NA,NA
KB Wise 분할매매 ETN,11505,5,-0.04,0,690,6000,0,206065,NA,NA
부국증권우,23000,100,0.44,5000,690,3000,12.12,1973,4.03,NA
동일제강,4585,80,1.78,500,688,15000,3.5,274616,15.6,0.23
TIGER 미국다우존스30,20745,230,1.12,0,685,3300,0,17737,NA,NA
호텔신라우,90300,500,0.56,5000,679,752,2.68,6642,-27.46,NA
TIGER 미국채10년선물,12110,50,-0.41,0,678,5600,0,34659,NA,NA
TRUE 나스닥 100 ETN,13520,0,0,0,676,5000,0,0,NA,NA
WISCOM,4400,105,-2.33,500,674,15326,3.75,104027,52.38,-0.85
KODEX 차이나심천ChiNext(합성),14275,30,-0.21,0,671,4700,1.63,118485,NA,NA
TIGER 인버스,4345,0,0,0,669,15400,0.75,186169,NA,NA
TBH글로벌,3195,110,3.57,500,666,20857,5.17,135029,-18.47,-33.15
컨버즈,4100,0,0,500,662,16143,0.18,0,-13.1,-367.38
선도전기,3670,130,3.67,500,661,18000,3.41,173673,-91.75,2.8
GS우,37000,450,1.23,5000,660,1785,10.63,10148,4.21,NA
KODEX K-신재생에너지액티브,12460,165,1.34,0,660,5300,1.81,387621,NA,NA
TIGER 미디어컨텐츠,8235,25,-0.3,0,660,8010,5.78,104361,NA,NA
TIGER 원유선물Enhanced(H),3390,50,1.5,0,659,19450,0.56,305191,NA,NA
한국전자홀딩스,1405,20,1.44,500,658,46803,7.57,767082,12.89,-5.36
TRUE S&P500 선물 ETN,13145,55,0.42,0,657,5000,0,30,NA,NA
TIGER 은행,7760,155,2.04,0,653,8420,0.5,103451,NA,NA
신송홀딩스,5520,90,1.66,500,653,11829,2.69,39605,12.32,3.04
티에이치엔,3600,35,0.98,500,648,18000,5.15,224916,2.99,-24.87
미래에셋 전기전자 Core5 ETN,32380,170,-0.52,0,648,2000,0,10,NA,NA
동양고속,22250,150,-0.67,5000,644,2896,0.91,3240,-3.61,-13.74
유엔젤,4880,10,0.21,500,644,13195,5.74,97848,4.65,-1.67
한화투자증권우,13350,250,-1.84,5000,641,4800,1,31689,19.87,NA
TIGER KRX인터넷K-뉴딜,12145,165,1.38,0,638,5250,0.48,81096,NA,NA
녹십자홀딩스2우,75200,500,-0.66,500,636,846,0.07,852,23.2,NA
미래산업,14250,350,2.52,500,634,4452,4.6,35050,130.73,-10.31
SOL KIS단기통안채,100410,10,0.01,0,632,629,0,1,NA,NA
HANARO Fn K-뉴딜디지털플러스,12725,0,0,0,624,4900,0,30866,NA,NA
TIGER 차이나HSCEI,10895,10,-0.09,0,621,5700,0.38,20096,NA,NA
TIGER 코스피,31665,85,-0.27,0,617,1950,0.01,470,NA,NA
우진아이엔에스,8100,90,1.12,500,617,7622,1.84,5076,77.14,1.69
TIGER 차이나클린에너지SOLACTIVE,10550,25,0.24,0,612,5800,1.91,127640,NA,NA
두산퓨얼셀2우B,20450,300,-1.45,100,611,2986,0.34,6140,340.83,NA
금호전기,3595,305,-7.82,500,609,16953,3.66,270951,-2.21,-100.98
KODEX IT,20220,5,0.02,0,607,3000,0,15178,NA,NA
화천기계,2730,25,-0.91,500,601,22000,3.16,80805,-45.5,-3.72
롯데칠성우,75600,300,-0.4,500,586,775,7.45,1314,30.79,NA
갤럭시아에스엠,2115,40,-1.86,500,583,27550,1.24,218914,28.2,4.63
대림통상,3805,5,0.13,1000,579,15225,1.36,25496,-4.62,-15.15
SJM홀딩스,3860,100,-2.53,500,576,14934,6.88,31352,10.9,2.02
대신 WTI원유 선물 ETN(H),7200,120,1.69,0,576,8000,0,103,NA,NA
삼성 코스피 풋매도 ETN,11435,0,0,0,572,5000,0,0,NA,NA
KODEX 증권,8130,40,-0.49,0,569,7000,0.25,51817,NA,NA
TIGER 중장기국채,52070,200,-0.38,0,562,1080,0,96,NA,NA
KBSTAR 대형고배당10TR,15835,15,-0.09,0,562,3550,0,3900,NA,NA
SK디스커버리우,41250,700,1.73,5000,560,1358,1.96,16943,4.04,NA
KODEX 200IT TR,13525,95,-0.7,0,555,4100,0,1713,NA,NA
폴루스바이오팜,1225,0,0,500,551,45008,1.69,0,-23.56,-7.07
유안타증권우,4265,15,-0.35,5000,551,12912,0.31,9187,3.71,NA
QV 레버리지 S&P500 ETN,26855,595,2.27,0,537,2000,0,41,NA,NA
KODEX 200ESG,14505,10,-0.07,0,537,3700,0,4416,NA,NA
HANARO 200선물레버리지,27905,5,0.02,0,530,1900,0,5332,NA,NA
HANARO 글로벌럭셔리S&P(합성),17935,55,0.31,0,529,2950,0.02,10762,NA,NA
TIGER MSCI KOREA ESG리더스,11485,35,-0.3,0,524,4560,0,4476,NA,NA
TIGER 200 중공업,3350,15,-0.45,0,521,15560,1.02,527625,NA,NA
TIGER 글로벌클라우드컴퓨팅INDXX,12875,105,0.82,0,520,4040,0.13,65903,NA,NA
한화솔루션우,46100,700,-1.5,5000,518,1124,2.25,2790,11.43,NA
롯데지주우,52000,500,-0.95,200,514,988,0.4,290,74.29,NA
원림,22000,500,-2.22,5000,506,2298,1.63,4372,3.06,16.31
KBSTAR 금융채액티브,102835,65,-0.06,0,504,490,0,8,NA,NA
솔루스첨단소재2우B,30500,0,0,100,502,1646,0.11,7341,-79.43,NA
삼성 미국 대형 성장주 ETN,24850,295,1.2,0,497,2000,0,133,NA,NA
성문전자,2525,20,-0.79,500,492,19487,5.42,214232,78.91,-3.63
유화증권우,2800,0,0,1000,489,17476,0,1845,21.21,NA
이화산업,17400,250,-1.42,5000,487,2800,0.56,2655,1.08,-2.65
KBSTAR 미국S&P원유생산기업(합성 H),4060,110,2.78,0,487,12000,7.83,331207,NA,NA
삼성 미국 대형 성장주 ETN(H),24320,330,1.38,0,486,2000,0,86,NA,NA
KODEX 철강,9740,70,-0.71,0,484,4970,0.01,173714,NA,NA
삼화전자,4600,405,9.65,1000,481,10458,7.53,2257587,-30.07,-19.35
KODEX 탄소효율그린뉴딜,9985,15,-0.15,0,479,4800,0,5550,NA,NA
ARIRANG ESG성장주액티브,9665,0,0,0,478,4950,0,419,NA,NA
에이리츠,11250,0,0,5000,474,4217,2.4,27661,9.88,19.5
KODEX KRX300,18970,75,-0.39,0,474,2500,0,6287,NA,NA
TRUE 인버스 2X 나스닥 100 ETN,1575,15,-0.94,0,472,30000,0,645805,NA,NA
동원금속,1010,5,-0.49,500,472,46755,3.21,221529,-6.64,-55.39
삼성 레버리지 China A50 선물 ETN(H),47210,1290,2.81,0,472,1000,0,1704,NA,NA
진양화학,3930,10,-0.25,500,472,12000,2.21,72446,31.44,3.05
진도,3765,105,-2.71,500,469,12448,3.34,64330,-59.76,-1.84
체시스,1460,10,-0.68,500,467,32000,0.63,161858,-18.02,-8.25
KODEX 미디어&엔터테인먼트,23305,145,0.63,0,466,2000,0.01,29314,NA,NA
한솔PNS,2260,20,0.89,500,463,20493,3.37,223841,18.83,6.97
KODEX 차이나H,18500,10,-0.05,0,462,2500,32.3,11712,NA,NA
KOSEF 인도Nifty50(합성),19420,185,0.96,0,456,2350,0,82651,NA,NA
동원수산,9750,150,1.56,5000,454,4654,5.84,84596,-11.73,-6.53
KBSTAR 200TR,21050,10,-0.05,0,453,2150,0,2905,NA,NA
대한항공우,40700,600,-1.45,5000,452,1111,2.35,15678,21.19,NA
삼성 인버스 2X WTI원유 선물 ETN,450,15,-3.23,0,450,100000,0.04,7949858,NA,NA
성안,787,0,0,500,447,56858,0.1,0,-2.36,-36.36
KINDEX 국고채3년,106140,110,-0.1,0,446,420,0,1400,NA,NA
TIGER 미국나스닥바이오,23295,215,0.93,0,443,1900,0.01,10121,NA,NA
한성기업,7070,120,-1.67,5000,439,6210,1.58,22237,39.06,4.52
KBSTAR 미국S&P500,11440,95,0.84,0,435,3800,0,41208,NA,NA
바다로19호,2850,5,0.18,5000,433,15200,0.02,69751,-20.21,-6.51
삼성 레버리지 은 선물 ETN(H),14310,145,1.02,0,429,3000,0,26330,NA,NA
KINDEX 인도네시아MSCI(합성),8415,0,0,0,429,5100,0.02,9571,NA,NA
씨아이테크,1070,15,-1.38,500,427,39952,3.83,1184741,-4.37,-14.34
에이엔피,1895,105,5.87,500,423,22336,0,355444,-1.8,-50.96
KODEX 코스피대형주,14400,10,-0.07,0,418,2900,0,1292,NA,NA
신한 다우존스지수 선물 ETN(H),20875,270,1.31,0,418,2000,0,7,NA,NA
TRUE 코스피 양매도 3% OTM ETN,8305,10,0.12,0,415,5000,0,1,NA,NA
TRUE 코스피 양매도 ATM ETN,8245,15,0.18,0,412,5000,0,10,NA,NA
부산주공,717,26,-3.5,500,408,56850,1.29,1039354,-47.8,-47.39
BYC우,189000,3500,1.89,5000,407,215,0.2,883,7.57,NA
TIGER 200IT레버리지,58125,125,0.22,0,407,700,0,4271,NA,NA
TIMEFOLIO Kstock액티브,10170,100,0.99,0,407,4000,0.02,8684,NA,NA
경인전자,25800,500,-1.9,5000,405,1571,12.39,5321,27.51,2.49
코아스,1310,30,2.34,500,405,30907,6.08,661705,-28.48,-6.81
LX하우시스우,38800,300,-0.77,5000,401,1032,12.78,1999,-5.98,NA
신한 레버리지 S&P500 선물 ETN,19925,345,1.76,0,398,2000,0,400,NA,NA
KBSTAR 내수주플러스,10645,60,-0.56,0,398,3740,0.01,1426,NA,NA
태원물산,5150,80,-1.53,500,391,7600,6.47,67988,343.33,-0.08
KBSTAR Fn컨택트대표,10035,15,-0.15,0,389,3880,0.04,193184,NA,NA
TIGER 화장품,3300,25,-0.75,0,389,11790,0.12,338140,NA,NA
TIGER 레버리지,24230,20,-0.08,0,388,1600,1.32,40872,NA,NA
KODEX 차이나H레버리지(H),4555,0,0,0,387,8500,0,155975,NA,NA
ARIRANG 미국S&P500(H),18330,180,0.99,0,385,2100,0,12149,NA,NA
HANARO 코스닥150,15155,60,-0.39,0,385,2540,0.01,2080,NA,NA
진양폴리,3820,25,-0.65,500,382,10000,4.47,42802,28.3,6.03
TIGER KIS부동산인프라채권TR,5675,5,0.09,0,380,6700,0,13608,NA,NA
미래에셋 중국 심천 100 ETN,18945,155,-0.81,0,379,2000,0,3,NA,NA
KINDEX KIS종합채권(AA-이상)액티브,98320,200,-0.2,0,378,384,0,3,NA,NA
신한 브렌트원유 선물 ETN(H),9335,120,1.3,0,373,4000,0,183,NA,NA
신한 구리 선물 ETN(H),18510,170,0.93,0,370,2000,0,227,NA,NA
TIGER Fn반도체TOP10,9000,35,-0.39,0,364,4050,0,73867,NA,NA
남양유업우,218000,7000,-3.11,5000,363,167,67.11,680,-3.76,NA
KODEX 미국러셀2000(H),14720,195,1.34,0,361,2450,0,27107,NA,NA
KBSTAR 글로벌4차산업IT(합성 H),23830,160,0.68,0,357,1500,0,6299,NA,NA
신한 인버스 2X 천연가스 선물 ETN(H),1770,230,-11.5,0,354,20000,0.04,771588,NA,NA
하이골드3호,2180,20,-0.91,5000,352,16150,0.22,26178,-4.49,-30.21
TIGER 200 금융,7050,85,1.22,0,351,4980,0.08,43165,NA,NA
TIGER 200TR,21880,5,-0.02,0,350,1600,0.02,1531,NA,NA
네비게이터 친환경자동차밸류체인액티브,11245,205,1.86,0,349,3100,0.02,30641,NA,NA
KODEX 코스피TR,14475,50,0.35,0,347,2400,0,33,NA,NA
KODEX 고배당,10210,35,0.34,0,347,3400,0.01,9490,NA,NA
KODEX 미국S&P고배당커버드콜(합성 H),10180,60,0.59,0,346,3400,0,24887,NA,NA
하이트론,4675,55,-1.16,2500,342,7321,0.72,74202,-1.1,-136.89
하이골드12호,2620,0,0,5000,342,13044,0,45776,-34.47,-4.41
KODEX 차이나A50,21350,120,0.57,0,342,1600,0,10000,NA,NA
삼성 China A50 선물 ETN(H),17075,55,0.32,0,342,2000,0,12,NA,NA
삼성 인버스 2X 천연가스 선물 ETN B,6810,870,-11.33,0,340,5000,0,156844,NA,NA
KB 레버리지 항셍테크 선물 ETN(H),5675,70,-1.22,0,340,6000,0,111862,NA,NA
SHD,27950,50,0.18,5000,340,1215,2.67,13385,11.44,1.42
센트럴인사이트,2490,0,0,500,338,13590,2.14,0,-3.43,-53.41
TIGER KRX게임K-뉴딜,11465,15,-0.13,0,338,2950,0.85,51985,NA,NA
미래에셋 원자재 선물 ETN(H),11185,95,0.86,0,336,3000,0,33,NA,NA
KOSEF 국고채3년,111670,195,-0.17,0,335,300,0.01,146,NA,NA
KBSTAR 중장기국공채액티브,103200,150,-0.15,0,333,323,0,6,NA,NA
미래에셋 에너지화학 Core5 ETN,16595,435,2.69,0,332,2000,0,413,NA,NA
KODEX 장기종합채권(AA-이상)액티브KAP,96385,515,-0.53,0,331,343,0,7,NA,NA
네비게이터 ESG액티브,9660,10,-0.1,0,328,3400,0.03,4949,NA,NA
베트남개발1,238,2,0.85,0,328,137680,0.03,663515,NA,NA
KOSEF 미국달러선물,12375,5,0.04,0,325,2630,0.08,4929,NA,NA
TIGER 차이나반도체FACTSET,9170,30,-0.33,0,323,3520,2.32,58637,NA,NA
TIGER 200 헬스케어,25995,245,-0.93,0,322,1240,2.7,15948,NA,NA
미래에셋 K200 Auto-KO-P 2206-01 ETN,10720,20,0.19,0,322,3000,0,234989,NA,NA
QV 레버리지 WTI원유 선물 ETN(H),800,25,3.23,0,320,40000,0,98994,NA,NA
KBSTAR 200선물인버스2X,2090,0,0,0,318,15200,0,219035,NA,NA
삼성 미국 대형 가치주 ETN,15865,235,1.5,0,317,2000,0,16,NA,NA
모두투어리츠,4045,5,0.12,5000,317,7827,1.04,12162,22.35,2.72
티와이홀딩스우,25150,200,0.8,500,316,1255,0.63,8381,2.04,NA
신한 레버리지 금 선물 ETN,15755,155,-0.97,0,315,2000,0,22556,NA,NA
KODEX 바이오,15140,170,-1.11,0,315,2080,0.33,19050,NA,NA
덕성우,22450,1350,-5.67,500,312,1392,0.63,107045,70.38,NA
삼성 미국 대형 가치주 ETN(H),15520,65,0.42,0,310,2000,0,8,NA,NA
KODEX 헬스케어,19350,290,-1.48,0,310,1600,0.23,16360,NA,NA
삼성 인버스 2X 나스닥 100 ETN(H),6170,75,-1.2,0,308,5000,0,21619,NA,NA
미래에셋 KRX금현물 Auto-KO-C 2312-01 ETN,10135,75,-0.73,0,304,3000,0,4335,NA,NA
삼성중공우,264500,4000,1.54,1000,304,115,2.58,701,-115.96,NA
TIGER 인도니프티50레버리지(합성),27305,580,2.17,0,300,1100,0,16017,NA,NA
ARIRANG 미국장기우량회사채,104895,165,-0.16,0,299,285,0,923,NA,NA
대덕전자1우,14100,100,-0.7,500,295,2096,0.7,10520,56.4,NA
미래에셋 미디어엔터 Core5 ETN,14650,80,0.55,0,293,2000,0,2,NA,NA
TIGER 농산물선물Enhanced(H),6395,50,0.79,0,288,4500,0.05,14548,NA,NA
삼성 레버리지 나스닥 100 ETN(H),14385,175,1.23,0,288,2000,0,36035,NA,NA
삼성 레버리지 금 선물 ETN(H),28735,215,-0.74,0,287,1000,0,1181,NA,NA
TIGER 차이나CSI300인버스(합성),7560,25,-0.33,0,287,3800,0,6506,NA,NA
ARIRANG 미국나스닥기술주,24910,0,0,0,286,1150,0,12127,NA,NA
한국주강,2530,15,-0.59,500,286,11309,4.66,60437,-16.98,-4.28
세방우,7720,20,0.26,500,285,3689,11.81,3390,4.18,NA
TIGER KRX300,18940,60,-0.32,0,284,1500,0,189,NA,NA
KOSEF Fn중소형,26455,55,0.21,0,280,1060,0,478,NA,NA
TIGER 골드선물(H),12675,65,-0.51,0,279,2200,0,12969,NA,NA
HANARO Fn전기&수소차,10890,35,-0.32,0,278,2550,0.1,107872,NA,NA
TIMEFOLIO BBIG액티브,11090,70,0.64,0,277,2500,0.03,6872,NA,NA
KINDEX 코스닥150,15300,25,-0.16,0,275,1800,0,28329,NA,NA
신한 K200 USD 선물 바이셀 ETN,13750,0,0,0,275,2000,0,0,NA,NA
미래에셋 K200 Auto-KO-C 2206-01 ETN,9130,35,-0.38,0,274,3000,0,394099,NA,NA
파워 200,42115,0,0,0,274,650,0,49,NA,NA
KODEX 미국반도체MV,10880,70,0.65,0,272,2500,0,21465,NA,NA
TIGER 코스닥150선물인버스,4240,5,0.12,0,271,6400,0.5,158081,NA,NA
KINDEX 미국다우존스리츠(합성 H),96500,350,-0.36,0,270,280,0.19,1524,NA,NA
TRUE 인버스 2X 천연가스 선물 ETN(H),5400,690,-11.33,0,270,5000,0,112948,NA,NA
KBSTAR 국고채3년,112285,90,-0.08,0,269,240,0,59,NA,NA
ARIRANG 미국다우존스고배당주(합성 H),15420,200,1.31,0,267,1730,0,2937,NA,NA
신한 금 선물 ETN(H),13320,100,-0.75,0,266,2000,0,381,NA,NA
KOSEF 200선물레버리지,22960,5,-0.02,0,266,1160,0,6543,NA,NA
KODEX 에너지화학,20920,55,0.26,0,264,1260,0.05,19110,NA,NA
ARIRANG 우량회사채50 1년,108605,10,-0.01,0,261,240,0.01,796,NA,NA
KINDEX S&P아시아TOP50,14455,90,-0.62,0,260,1800,0,3268,NA,NA
대상우,18900,100,-0.53,1000,259,1370,7.79,1834,6.27,NA
KODEX 국채선물10년인버스,47380,240,0.51,0,259,546,0,3248,NA,NA
KBSTAR 200선물레버리지,23255,10,-0.04,0,256,1100,0,7659,NA,NA
일정실업,21250,0,0,5000,255,1200,1.05,2298,-7.86,-15.33
신한 S&P500 VIX S/T 선물 ETN C,10055,440,-4.19,0,251,2500,0,120743,NA,NA
코오롱우,23350,850,-3.51,5000,251,1076,7.84,30906,2.09,NA
세기상사,6160,0,0,500,251,4076,0.95,0,-15.52,-7.13
KBSTAR 200선물인버스,5080,0,0,0,249,4900,0.28,3020,NA,NA
신한 은 선물 ETN(H),12430,85,0.69,0,249,2000,0,1176,NA,NA
HANARO 고배당,11495,30,-0.26,0,247,2150,0.09,3632,NA,NA
미래에셋 Q150 Core5 ETN,12285,60,-0.49,0,246,2000,0,10,NA,NA
KODEX 글로벌4차산업로보틱스(합성),19165,165,0.87,0,243,1270,0.51,10463,NA,NA
TRUE 인버스 2X 은 선물 ETN,24220,0,0,0,242,1000,0,0,NA,NA
미래에셋 인버스 2X 은 선물 ETN,24210,0,0,0,242,1000,0,0,NA,NA
넥센타이어1우B,3685,85,2.36,500,240,6500,6.49,2149,34.44,NA
KODEX 미국달러선물레버리지,9985,15,0.15,0,239,2390,0,132179,NA,NA
QV 인버스 레버리지 은 선물 ETN(H),23810,0,0,0,238,1000,0,0,NA,NA
KODEX 필수소비재,9130,50,-0.54,0,237,2600,0.01,5687,NA,NA
하이트진로2우B,21000,150,-0.71,5000,237,1130,3.03,958,21.02,NA
메리츠 인버스 2X 은 선물 ETN(H),23555,365,-1.53,0,236,1000,0,1,NA,NA
삼성 KRX 금현물 ETN,11760,60,-0.51,0,235,2000,0,1577,NA,NA
TIGER 구리실물,10000,25,-0.25,0,235,2350,0.07,6582,NA,NA
KODEX 구리선물(H),7800,85,1.1,0,234,3000,0,13151,NA,NA
유유제약1우,10300,100,0.98,1000,233,2267,1.89,8237,572.22,NA
신한 레버리지 미국달러 선물 ETN,11665,55,-0.47,0,233,2000,0,153,NA,NA
TIGER Fn신재생에너지,10350,150,-1.43,0,233,2250,0.07,210480,NA,NA
KODEX Fn K-뉴딜디지털플러스,12730,20,0.16,0,229,1800,0.06,84159,NA,NA
KODEX 운송,6940,55,-0.79,0,229,3300,0.03,33091,NA,NA
FOCUS ESG리더스,11720,55,-0.47,0,229,1950,0,99,NA,NA
ARIRANG 미국단기우량회사채,99250,140,0.14,0,228,230,0,9,NA,NA
LX홀딩스1우,15550,50,0.32,1000,228,1465,5.97,3436,NA,NA
신한 인버스 2X WTI원유 선물 ETN(H),455,15,-3.19,0,228,50000,0,1821979,NA,NA
KODEX 미국채울트라30년선물(H),12605,270,-2.1,0,227,1800,0,23260,NA,NA
대한제당우,3480,20,-0.57,500,226,6483,2.58,41025,10.58,NA
TIGER 200 에너지화학,21535,40,0.19,0,224,1040,0.18,44394,NA,NA
QV 미국 IT TOP5 ETN(H),31935,440,-1.36,0,224,700,0,567,NA,NA
KOSEF 미국달러선물레버리지,9510,15,0.16,0,223,2340,0,4322,NA,NA
TIGER 우량가치,12995,5,0.04,0,222,1710,0.03,2345,NA,NA
TIGER 삼성그룹펀더멘털,12305,85,-0.69,0,221,1800,0.02,2762,NA,NA
삼성 코스피 풋매도 4% OTM ETN,11040,0,0,0,221,2000,0,0,NA,NA
TIGER AI코리아그로스액티브,13790,55,-0.4,0,221,1600,0,3867,NA,NA
KODEX 배당성장채권혼합,12250,40,-0.33,0,220,1800,0,9232,NA,NA
TIGER 코스피고배당,15625,20,-0.13,0,220,1410,0.03,19485,NA,NA
신한 콩 선물 ETN(H),10830,35,-0.32,0,217,2000,0,611,NA,NA
한진칼우,40350,50,0.12,2500,217,537,2.84,1583,-27.54,NA
TRUE 인버스 2X 금 선물 ETN,21550,345,1.63,0,216,1000,0,1,NA,NA
QV iSelect 글로벌 EMP ETN(H),10660,0,0,0,213,2000,0,0,NA,NA
삼양홀딩스우,70000,1700,-2.37,5000,213,304,0.7,1868,2.95,NA
KODEX 미국S&P에너지(합성),6965,195,2.88,0,212,3044,0.81,94852,NA,NA
KODEX TRF5050,12460,30,0.24,0,212,1700,0,2682,NA,NA
신한 레버리지 구리 선물 ETN,21160,500,2.42,0,212,1000,0,1228,NA,NA
메리츠 미국레버리지 인플레이션국채ETN(H),10580,155,-1.44,0,212,2000,0,173,NA,NA
메리츠 인버스 2X 금 선물 ETN(H),21120,0,0,0,211,1000,0,0,NA,NA
코리아써우,7090,20,0.28,500,210,2965,0.32,1056,20.32,NA
QV 인버스 레버리지 금 선물 ETN(H),21015,325,1.57,0,210,1000,0,1,NA,NA
KINDEX 골드선물 레버리지(합성 H),16160,160,-0.98,0,210,1300,0,10985,NA,NA
KBSTAR 게임테마,16735,80,-0.48,0,209,1250,1.55,93094,NA,NA
KODEX 배당성장,16505,95,-0.57,0,206,1250,0.19,5785,NA,NA
미래에셋 원유선물혼합 ETN(H),20630,305,1.5,0,206,1000,0,140555,NA,NA
메리츠 미국 인플레이션 국채 ETN(H),10310,50,-0.48,0,206,2000,0,130,NA,NA
KODEX TRF7030,13480,70,0.52,0,202,1500,0,5877,NA,NA
QV S&P500 VIX S/T 선물 ETN C,10095,450,-4.27,0,202,2000,0,3064,NA,NA
메리츠 레버리지 인플레이션 국채 ETN,10080,65,-0.64,0,202,2000,0,27,NA,NA
메리츠 인플레이션 국채 ETN,10055,30,-0.3,0,201,2000,0,2065,NA,NA
KODEX KRX300레버리지,20045,45,0.22,0,200,1000,0,3442,NA,NA
한화우,41800,450,-1.07,5000,200,479,0.61,1086,8.03,NA
KODEX 200exTOP,14160,90,0.64,0,198,1400,0,1,NA,NA
KODEX 200가치저변동,11000,10,-0.09,0,198,1800,0,3371,NA,NA
지코,306,0,0,500,198,64582,0.9,0,-2.45,-63.51
KINDEX 밸류대형,9845,20,-0.2,0,197,2000,0,36,NA,NA
QV 인버스 미국 IT TOP5 ETN(H),9775,135,1.4,0,196,2000,0,17,NA,NA
ARIRANG 단기채권액티브,106035,5,0,0,193,182,0,214,NA,NA
TRUE 레버리지 금 선물 ETN,19215,350,-1.79,0,192,1000,0,36,NA,NA
삼성 레버리지 구리 선물 ETN(H),19125,425,2.27,0,191,1000,0,10167,NA,NA
KODEX 국채선물10년,69230,300,-0.43,0,191,276,0,1930,NA,NA
FOCUS KRX300,19085,0,0,0,191,1000,1,0,NA,NA
KODEX 다우존스미국리츠(H),14525,55,-0.38,0,189,1300,0,8931,NA,NA
QV 레버리지 금 선물 ETN(H),18710,300,-1.58,0,187,1000,0,2,NA,NA
TIGER S&P글로벌헬스케어(합성),18615,260,1.42,0,186,1000,0,40181,NA,NA
신한 FnGuide 메타버스 ETN,9305,50,-0.53,0,186,2000,0,2280,NA,NA
KBSTAR 비메모리반도체액티브,9780,65,-0.66,0,186,1900,2.09,46743,NA,NA
현대건설우,187000,3000,1.63,5000,185,99,5.91,554,168.77,NA
메리츠 레버리지 금 선물 ETN(H),18470,365,-1.94,0,185,1000,0,1,NA,NA
TIGER 배당성장,20475,125,-0.61,0,184,900,0,2533,NA,NA
태영건설우,14150,200,-1.39,500,184,1302,1.56,4419,1.28,NA
KODEX MSCI KOREA ESG유니버설,12215,15,-0.12,0,183,1500,0,412,NA,NA
KINDEX 미국친환경그린테마INDXX,10130,30,0.3,0,182,1800,0.4,150992,NA,NA
TIGER LG그룹+펀더멘털,10975,25,-0.23,0,182,1660,0.06,3623,NA,NA
삼성 인버스 2X 은 선물 ETN(H),1810,25,-1.36,0,181,10000,0,63444,NA,NA
KODEX 미국S&P산업재(합성),20700,155,0.75,0,181,874,0.04,2048,NA,NA
KINDEX 블룸버그베트남VN30선물레버리지(H),19945,195,0.99,0,180,900,0,8122,NA,NA
신한 코스피 콘도르 6/10% ETN,8970,0,0,0,179,2000,0,0,NA,NA
KINDEX 일본Nikkei225(H),19930,410,2.1,0,179,900,0,8000,NA,NA
신한 코스피 월별 양매도 3% OTM ETN,8940,15,0.17,0,179,2000,0,4,NA,NA
KB 인버스 천연가스 선물 ETN,11900,760,-6,0,178,1500,0,10074,NA,NA
KOSEF 코스닥150,7605,25,0.33,0,178,2340,0.37,16193,NA,NA
신한 코스피 월별 양매도 5% OTM ETN,8785,0,0,0,176,2000,0,0,NA,NA
신한 옥수수 선물 ETN(H),8780,45,0.52,0,176,2000,0,1056,NA,NA
대신 2X 아연선물 ETN(H),8765,380,4.53,0,175,2000,0,396,NA,NA
신한 인버스 옥수수 선물 ETN(H),8700,60,-0.68,0,174,2000,0,2577,NA,NA
NPC우,3285,30,-0.9,500,173,5280,1.66,9798,6.35,NA
대신 인버스 철광석 선물 ETN(H),1570,110,-6.55,0,173,11000,0,160975,NA,NA
KINDEX 미국IT인터넷S&P(합성 H),21580,260,1.22,0,173,800,0,273,NA,NA
신한 코스피 콘도르 4/10% ETN,8615,0,0,0,172,2000,0,0,NA,NA
KODEX 코스피100,31300,15,-0.05,0,172,550,0.02,1195,NA,NA
TIGER 일본니케이225,19110,20,-0.1,0,172,900,0,2483,NA,NA
SOL KRX300,19035,45,0.24,0,171,900,0.01,11,NA,NA
삼양사우,46100,1000,-2.12,5000,171,370,6.36,747,8.22,NA
신한 인버스 천연가스 선물 ETN(H),8485,520,-5.77,0,170,2000,0,11264,NA,NA
KODEX 200롱코스닥150숏선물,10600,110,1.05,0,170,1600,0,484,NA,NA
미래에셋 레버리지 은 선물 ETN,16900,80,0.48,0,169,1000,0,3,NA,NA
TRUE 레버리지 은 선물 ETN,16880,0,0,0,169,1000,0,4,NA,NA
HANARO KRX300,18735,70,-0.37,0,169,900,0,66,NA,NA
메리츠 레버리지 은 선물 ETN(H),16755,345,2.1,0,168,1000,0,3,NA,NA
KB 천연가스 선물 ETN(H),16715,955,6.06,0,167,1000,0,1520,NA,NA
KOSEF 미국달러선물인버스2X,7880,5,-0.06,0,167,2120,0,1465,NA,NA
대신 천연가스 선물 ETN(H),16670,920,5.84,0,167,1000,0,289,NA,NA
QV 레버리지 은 선물 ETN(H),16570,0,0,0,166,1000,0,0,NA,NA
SK증권우,4230,15,0.36,500,165,3913,1.51,7613,43.16,NA
신한 인버스 콩 선물 ETN(H),8060,30,-0.37,0,161,2000,0,340,NA,NA
KODEX 기계장비,5930,25,-0.42,0,160,2700,0.51,21529,NA,NA
KODEX 미국스마트모빌리티S&P,9330,125,1.36,0,159,1700,0.01,79395,NA,NA
KINDEX 중장기국공채액티브,100545,165,-0.16,0,158,157,0,2,NA,NA
TIGER 유로스탁스배당30,13125,5,-0.04,0,158,1200,0,22463,NA,NA
TIGER 유로스탁스레버리지(합성 H),10420,70,0.68,0,156,1500,0,113123,NA,NA
KODEX 보험,6790,60,0.89,0,156,2300,0.11,54907,NA,NA
KB 레버리지 나스닥 100 ETN,15510,190,1.24,0,155,1000,0,77059,NA,NA
삼성 인버스 2X 구리 선물 ETN(H),3090,75,-2.37,0,154,5000,0,38314,NA,NA
KOSEF 코스피100,30895,25,0.08,0,154,500,0.21,73,NA,NA
KOSEF 릭소글로벌퓨처모빌리티MSCI,10990,135,1.24,0,154,1400,0,12141,NA,NA
KBSTAR 채권혼합,63440,10,-0.02,0,152,240,0,13,NA,NA
TIGER 단기선진하이일드(합성 H),12580,15,0.12,0,151,1200,0,768,NA,NA
신한 레버리지 Russell 2000 ETN,15095,360,2.44,0,151,1000,0,1143,NA,NA
KODEX 200미국채혼합,13430,30,-0.22,0,150,1120,0,12050,NA,NA
KBSTAR V&S셀렉트밸류채권혼합,12470,25,-0.2,0,150,1200,0.1,5005,NA,NA
신한 인버스 2X 구리 선물 ETN,2990,75,-2.45,0,150,5000,0,29356,NA,NA
HANARO Fn5G산업,12905,45,0.35,0,148,1150,2.27,5440,NA,NA
신한 인버스 2X 미국달러 선물 ETN,7370,10,0.14,0,147,2000,0,21,NA,NA
KB 인버스 2X 항셍테크 선물 ETN,14730,105,0.72,0,147,1000,0,10204,NA,NA
TIGER MSCI KOREA ESG유니버설,12260,25,0.2,0,147,1200,0,56,NA,NA
ARIRANG 200선물인버스2X,4195,10,0.24,0,145,3450,0,33012,NA,NA
ARIRANG 코스피50,28370,20,-0.07,0,145,510,0.06,429,NA,NA
삼성 인버스 2X HSCEI ETN(H),14430,15,-0.1,0,144,1000,0,8300,NA,NA
KBSTAR KRX300,19155,30,-0.16,0,144,750,0,269,NA,NA
일양약품우,32150,350,-1.08,2500,143,445,0.47,615,71.92,NA
TIGER 글로벌자원생산기업(합성 H),12990,170,1.33,0,143,1100,0,450,NA,NA
KODEX 미국채10년선물,11860,75,-0.63,0,142,1200,0,11458,NA,NA
KODEX S&P글로벌인프라(합성),12195,90,-0.73,0,142,1166,0,8641,NA,NA
KINDEX 국고채10년,96630,440,-0.45,0,142,147,0,51,NA,NA
KB FnGuide 언택트 ETN,14140,100,0.71,0,141,1000,0,3602,NA,NA
HANARO 탄소효율그린뉴딜,9975,20,-0.2,0,140,1400,0.03,1049,NA,NA
KBSTAR KRX300레버리지,19930,25,0.13,0,140,700,0,2200,NA,NA
파워 코스피100,31555,145,-0.46,0,139,440,0,61,NA,NA
ARIRANG 200선물레버리지,46210,85,-0.18,0,139,300,0.12,478,NA,NA
TIGER 일본TOPIX(합성 H),17215,230,1.35,0,138,800,0.01,30655,NA,NA
신한 천연가스 선물 ETN(H),4585,260,6.01,0,138,3000,0,82438,NA,NA
TRUE FTSE100 ETN,13750,0,0,0,138,1000,0,0,NA,NA
TIGER 200 철강소재,9855,35,-0.35,0,136,1380,0.02,27189,NA,NA
신한 인버스 금 선물 ETN(H),6765,30,0.45,0,135,2000,0,9203,NA,NA
ARIRANG 고배당저변동50,11740,5,0.04,0,135,1150,0,4909,NA,NA
KODEX KTOP30,22275,10,-0.04,0,134,600,0,834,NA,NA
KODEX 코스닥150롱코스피200숏선물,8870,50,-0.56,0,133,1500,0,16,NA,NA
신한 인버스 2X 은 선물 ETN(H),2640,20,-0.75,0,132,5000,0,49846,NA,NA
TIGER 200에너지화학레버리지,23940,270,1.14,0,132,550,0,9193,NA,NA
넥센우,3645,0,0,500,131,3601,18.43,2906,6.58,NA
대덕1우,10800,50,-0.46,500,131,1212,0.13,15368,3.72,NA
TRUE 인버스 플래티넘 선물 ETN,13065,195,1.52,0,131,1000,0,3959,NA,NA
신한 인버스 2X 천연가스 선물 ETN,2605,340,-11.54,0,130,5000,0,353872,NA,NA
KINDEX 중국본토CSI300레버리지(합성),5410,75,1.41,0,130,2400,0,20650,NA,NA
KB KRX ESG Eco ETN,12920,25,0.19,0,129,1000,0,15,NA,NA
대신 알루미늄 선물 ETN(H),12785,145,-1.12,0,128,1000,0,2511,NA,NA
KODEX Fn시스템반도체,9745,20,0.21,0,127,1300,0.06,10183,NA,NA
KB KRX300 ETN,12645,15,-0.12,0,126,1000,0,21761,NA,NA
TIGER 일본TOPIX헬스케어(합성),12585,35,0.28,0,126,1000,0,368,NA,NA
KODEX 밸류Plus,10485,50,-0.47,0,126,1200,0,12343,NA,NA
KBSTAR 코스피ex200,14765,40,-0.27,0,126,850,0,85,NA,NA
대신 니켈선물 ETN(H),17920,75,0.42,0,125,700,0,325,NA,NA
KBSTAR 헬스케어채권혼합,12525,40,-0.32,0,125,1000,0,4307,NA,NA
KODEX 최소변동성,12500,20,0.16,0,125,1000,0,139,NA,NA
KINDEX 미국스팩&IPO INDXX,10330,55,-0.53,0,124,1200,0.01,140241,NA,NA
KOSEF 블루칩,10295,35,-0.34,0,124,1200,0,197,NA,NA
ARIRANG 고배당주채권혼합,11200,0,0,0,123,1100,0,2099,NA,NA
TRUE 인버스 은 선물 ETN,12295,0,0,0,123,1000,0,0,NA,NA
KODEX 모멘텀Plus,13585,55,-0.4,0,122,900,0,176,NA,NA
TRUE 레버리지 유로스탁스50 ETN(H) B,12215,125,1.03,0,122,1000,0,49,NA,NA
삼성 인버스 HSCEI ETN(H),12205,20,-0.16,0,122,1000,0,500,NA,NA
KINDEX 일본TOPIX레버리지(H),24175,875,3.76,0,121,500,0,8326,NA,NA
TIGER 코스닥150바이오테크,12590,170,-1.33,0,121,960,0,5592,NA,NA
삼성 인버스 2X 항셍테크 ETN(H),12070,120,1,0,121,1000,0,99814,NA,NA
KINDEX 러시아MSCI(합성),34205,310,0.91,0,120,350,0,769,NA,NA
동부건설우,52900,3550,7.19,5000,119,226,18.58,5460,13.32,NA
KB 인버스 2X 은 선물 ETN(H),23815,0,0,0,119,500,0,0,NA,NA
DB하이텍1우,106000,1500,-1.4,5000,119,112,1.07,366,28.18,NA
KBSTAR 중국MSCI China(H),11875,140,1.19,0,119,1000,0,792,NA,NA
크라운제과우,15350,250,-1.6,200,119,774,0.43,7773,13.39,NA
한양증권우,22500,250,1.12,5000,118,525,2.07,913,3.91,NA
태양금속우,3530,100,-2.75,500,116,3300,0.82,97363,-22.92,NA
KOSEF KRX100,6465,10,-0.15,0,116,1800,0.01,96,NA,NA
KB 레버리지 S&P 500 선물 ETN(H),11620,205,1.8,0,116,1000,0,11067,NA,NA
남선알미우,37600,1500,-3.84,500,116,308,1.35,8785,164.19,NA
TRUE 코스피 커버드콜 ETN B,11515,0,0,0,115,1000,0,0,NA,NA
TIGER 미국S&P500선물인버스(H),3770,30,-0.79,0,115,3050,0,49008,NA,NA
ARIRANG KRX300,18980,25,-0.13,0,114,600,0,23,NA,NA
SK네트웍스우,100000,3500,-3.38,2500,114,114,0.42,191,680.27,NA
SOL 선진국MSCI World(합성 H),18910,90,0.48,0,113,600,0,2,NA,NA
대신 2X 철광석 선물 ETN(H),11335,1425,14.38,0,113,1000,0,26358,NA,NA
신한 인버스 구리 선물 ETN(H),5630,65,-1.14,0,113,2000,0,7207,NA,NA
성신양회우,15300,100,0.66,5000,113,736,1.48,11052,-218.57,NA
KOSEF 미국달러선물인버스,10140,0,0,0,113,1110,0,110,NA,NA
삼성 인버스 항셍테크 ETN(H),11220,45,0.4,0,112,1000,0,808,NA,NA
KINDEX 싱가포르리츠,12375,30,-0.24,0,111,900,0,812,NA,NA
KBSTAR KQ고배당,15910,105,-0.66,0,111,700,0,900,NA,NA
코오롱글로벌우,35600,250,-0.7,5000,111,313,0.84,3623,7.44,NA
TRUE S&P500 양매도 4% OTM ETN(H),11055,0,0,0,111,1000,0,0,NA,NA
KODEX 미국S&P바이오(합성),33995,500,1.49,0,110,325,0,1762,NA,NA
미래에셋 인버스 미디어엔터 Core5 ETN,10985,135,1.24,0,110,1000,0,7,NA,NA
메리츠 인버스 은 선물 ETN(H),10950,0,0,0,110,1000,0,0,NA,NA
삼성 인버스 은 선물 ETN(H),10925,0,0,0,109,1000,0,0,NA,NA
삼성 나스닥 100 ETN(H),10900,75,0.69,0,109,1000,0,36,NA,NA
하나 KRX300 ETN,10880,20,-0.18,0,109,1000,0,2,NA,NA
계양전기우,7760,0,0,500,109,1400,3.7,3709,27.81,NA
서울식품우,4860,25,-0.51,100,108,2224,0.41,3038,-285.88,NA
메리츠 인버스 2X 국채30년 ETN,10750,380,3.66,0,108,1000,0,130,NA,NA
대상홀딩스우,11750,250,-2.08,1000,107,913,2.95,2445,7.38,NA
메리츠 인버스 2X KRX300 선물 ETN,10730,20,0.19,0,107,1000,0,100002,NA,NA
KOSEF 200선물인버스2X,2075,5,0.24,0,107,5170,0,30122,NA,NA
TRUE 인버스 금 선물 ETN,10705,0,0,0,107,1000,0,0,NA,NA
TRUE 인버스 HSCEI ETN(H) B,10700,0,0,0,107,1000,0,160,NA,NA
KODEX 게임산업,13345,70,0.53,0,107,800,0.02,29299,NA,NA
KODEX 일본TOPIX100,17790,320,-1.77,0,107,600,0,1735,NA,NA
HANARO Fn친환경에너지,10645,40,-0.37,0,106,1000,0,48915,NA,NA
KBSTAR 200IT,16010,90,-0.56,0,106,660,0,91,NA,NA
KODEX TSE일본리츠(H),13185,20,0.15,0,105,800,0,115,NA,NA
하나 레버리지 KRX BBIG K-뉴딜 ETN,10480,2000,23.58,0,105,1000,0,404,NA,NA
TREX 200,41835,25,-0.06,0,105,250,0,34,NA,NA
TRUE 유로선물 ETN B,10425,0,0,0,104,1000,0,0,NA,NA
메리츠 인버스 국채30년 ETN,10365,150,1.47,0,104,1000,0,2101,NA,NA
신한 달러인덱스 선물 ETN(H),10350,30,-0.29,0,104,1000,0,19,NA,NA
KB 인버스 2X 금 선물 ETN(H),20675,0,0,0,103,500,0,0,NA,NA
KODEX MSCI밸류,12915,25,0.19,0,103,800,0,10,NA,NA
TREX 펀더멘탈 200,41310,115,-0.28,0,103,250,0.08,5,NA,NA
TRUE 유로스탁스50 양매도 5% OTM ETN(H),10305,0,0,0,103,1000,0,0,NA,NA
노루페인트우,22250,350,-1.55,500,103,463,1.54,4154,27.95,NA
삼성 인버스 금 선물 ETN(H),10290,105,1.03,0,103,1000,0,9,NA,NA
대신 밀 선물 ETN(H),10240,160,1.59,0,102,1000,0,80,NA,NA
KODEX Fn멀티팩터,14600,45,-0.31,0,102,700,0.28,1001,NA,NA
KBSTAR Fn K-뉴딜디지털플러스,12695,15,-0.12,0,102,800,0,88,NA,NA
KODEX 3대농산물선물(H),10560,100,0.96,0,101,960,0,6797,NA,NA
KINDEX 모닝스타싱가포르리츠채권혼합,10130,90,-0.88,0,101,1000,0,205,NA,NA
신한 인버스 은 선물 ETN(H),5055,35,-0.69,0,101,2000,0,5901,NA,NA
KINDEX 레버리지,10100,5,-0.05,0,101,1000,0.34,7388,NA,NA
KBSTAR 글로벌데이터센터리츠나스닥(합성),12620,115,-0.9,0,101,800,0,6434,NA,NA
TRUE 엔선물 ETN B,10080,0,0,0,101,1000,0,0,NA,NA
KODEX Fn웹툰&드라마,9160,130,1.44,0,101,1100,0,43624,NA,NA
동원시스템즈우,37900,0,0,5000,101,265,0.2,391,18.01,NA
TRUE 인버스 2X S&P500 선물 ETN(H),2010,40,-1.95,0,100,5000,0,21516,NA,NA
삼성 인버스 2X 금 선물 ETN(H),10045,80,0.8,0,100,1000,0,11391,NA,NA
SOL 미국S&P500ESG,10045,85,0.85,0,100,1000,0,84420,NA,NA
삼성 KRX 2차전지 K-뉴딜 ETN,10010,130,1.32,0,100,1000,0,563,NA,NA
KBSTAR 200커뮤니케이션서비스,19240,70,0.37,0,100,520,0,242,NA,NA
삼성 레버리지 KRX 2차전지 K-뉴딜 ETN,9995,265,2.72,0,100,1000,0,123020,NA,NA
KB 레버리지 KRX 2차전지 K-뉴딜 ETN,9985,225,2.31,0,100,1000,0,5001,NA,NA
신한 인버스 WTI원유 선물 ETN(H),4990,65,-1.29,0,100,2000,0,2168,NA,NA
TRUE 금 선물 ETN,9940,115,-1.14,0,99,1000,0,84,NA,NA
금호건설우,33550,850,-2.47,5000,98,292,0,1743,16.67,NA
신한 USD K200 선물 바이셀 ETN,4900,0,0,0,98,2000,0,0,NA,NA
삼성 금 선물 ETN(H),9765,0,0,0,98,1000,0,0,NA,NA
TRUE 레버리지 엔선물 ETN B,9740,0,0,0,97,1000,0,0,NA,NA
TRUE 인버스 엔선물 ETN B,9695,60,0.62,0,97,1000,0,422,NA,NA
메리츠 국채30년 ETN,9680,130,-1.33,0,97,1000,0,1725,NA,NA
삼성 S&P500 VIX S/T 선물 ETN(H) C,9675,400,-3.97,0,97,1000,0,28671,NA,NA
대원전선우,3690,40,-1.07,500,97,2621,0.74,7126,-461.25,NA
ARIRANG 코스피,32150,110,0.34,0,96,300,0,34,NA,NA
KBSTAR 5대그룹주,8030,5,-0.06,0,96,1200,0,3589,NA,NA
메리츠 금 선물 ETN(H),9630,80,-0.82,0,96,1000,0,1,NA,NA
TIGER 이머징마켓MSCI레버리지(합성 H),13700,95,0.7,0,96,700,0,244,NA,NA
신한 인버스 달러인덱스 선물 ETN(H),9560,30,0.31,0,96,1000,0,11,NA,NA
하나 KRX BBIG K-뉴딜 ETN,9555,25,0.26,0,96,1000,0,2,NA,NA
KODEX MSCI Korea,19100,20,-0.1,0,96,500,0.01,168,NA,NA
KINDEX Fn성장소비주도주,7945,10,0.13,0,95,1200,0,673,NA,NA
KODEX 혁신기술테마액티브,13585,15,-0.11,0,95,700,0,326,NA,NA
TIGER 코스닥150IT,16930,345,2.08,0,95,560,0,47317,NA,NA
TRUE 인버스 유로선물 ETN B,9420,5,0.05,0,94,1000,0,1,NA,NA
KINDEX 스마트밸류,15675,5,0.03,0,94,600,0,1937,NA,NA
KB 레버리지 금 선물 ETN(H),18765,270,-1.42,0,94,500,0,15,NA,NA
KINDEX 일본TOPIX인버스(합성 H),4045,30,-0.74,0,93,2300,0,17614,NA,NA
메리츠 레버리지 국채30년 ETN,9300,245,-2.57,0,93,1000,0,609,NA,NA
KINDEX 스마트퀄리티,18580,20,-0.11,0,93,500,0,21,NA,NA
삼성 KRX BBIG K-뉴딜 ETN,9230,80,0.87,0,92,1000,0,84,NA,NA
현대비앤지스틸우,83900,600,-0.71,5000,92,110,0.57,662,23.56,NA
KODEX 200 중소형,15340,25,-0.16,0,92,600,0,4047,NA,NA
신한 코스피 콘도르 6/10% 콜 2204-01 ETN,9185,0,0,0,92,1000,0,0,NA,NA
메리츠 레버리지 KRX300 선물 ETN,9165,40,-0.43,0,92,1000,0,53213,NA,NA
크라운해태홀딩스우,15250,50,-0.33,500,92,601,1.24,1554,10.78,NA
KODEX 경기소비재,13065,85,-0.65,0,91,700,0,2667,NA,NA
ARIRANG KS밸류가중TR,16620,20,0.12,0,91,550,0,42,NA,NA
메리츠 은 선물 ETN(H),9140,35,0.38,0,91,1000,0,1,NA,NA
삼성 은 선물 ETN(H),9125,0,0,0,91,1000,0,0,NA,NA
노루홀딩스우,49200,1400,-2.77,500,91,185,0.25,4940,48.81,NA
삼성 인버스 나스닥 100 ETN(H),9110,45,-0.49,0,91,1000,0,371,NA,NA
KINDEX 스마트하이베타,15120,0,0,0,91,600,0,23,NA,NA
삼성 인버스 China A50 선물 ETN(H),9040,130,-1.42,0,90,1000,0,897,NA,NA
ARIRANG 글로벌MSCI(합성 H),17690,60,0.34,0,90,510,0,2256,NA,NA
마이다스 200커버드콜5%OTM,14990,0,0,0,90,600,0,0,NA,NA
KOSEF 국고채10년레버리지,128040,1225,-0.95,0,90,70,0,535,NA,NA
신한 코스피 콘도르 4/10% 콜 2204-01 ETN,8950,0,0,0,90,1000,0,0,NA,NA
KINDEX 삼성그룹동일가중,17860,110,-0.61,0,89,500,0,509,NA,NA
KINDEX 코스닥(합성),14880,35,-0.23,0,89,600,0,10,NA,NA
TIGER 미국달러선물인버스2X,8915,20,-0.22,0,89,1000,0,165,NA,NA
KOSEF 코스닥150선물레버리지,7360,5,-0.07,0,89,1210,1.24,693,NA,NA
KINDEX Fn5G플러스,8830,0,0,0,88,1000,0,215,NA,NA
KB 인버스 2X S&P 500 선물 ETN,8815,185,-2.06,0,88,1000,0,115,NA,NA
KOSEF 고배당,9760,0,0,0,88,900,0.56,3859,NA,NA
신한 코스피 월별 양매도 3% 콜 2206-1 ETN,8775,0,0,0,88,1000,0,0,NA,NA
KINDEX 스마트모멘텀,17545,15,0.09,0,88,500,0,23,NA,NA
KBSTAR 주식혼합,43855,0,0,0,88,200,0,4,NA,NA
신한 코스피 월별 양매도 5% 콜 2206-1 ETN,8715,0,0,0,87,1000,0,0,NA,NA
깨끗한나라우,23800,200,-0.83,1000,87,366,3.72,354,45.16,NA
마이티 코스피100,31110,0,0,0,87,280,0.03,0,NA,NA
TIGER 의료기기,21705,145,0.67,0,87,400,0,2060,NA,NA
신한 인버스 2X 다우존스지수 선물 ETN(H),2170,50,-2.25,0,87,4000,0,72357,NA,NA
TRUE 은 선물 ETN,8675,70,-0.8,0,87,1000,0,25,NA,NA
KOSEF 릭소글로벌디지털경제MSCI,10835,140,1.31,0,87,800,0,352,NA,NA
KTOP 코스피50,28545,75,-0.26,0,86,300,0.5,105,NA,NA
삼성 항셍테크 ETN(H),8535,110,-1.27,0,85,1000,0,381,NA,NA
ARIRANG 심천차이넥스트(합성),14225,125,0.89,0,85,600,0,1216,NA,NA
KB 레버리지 KRX BBIG K-뉴딜 ETN,8520,115,1.37,0,85,1000,0,3239,NA,NA
삼성 레버리지 KRX BBIG K-뉴딜 ETN,8515,140,1.67,0,85,1000,0,1440,NA,NA
KINDEX 스마트로우볼,17025,10,0.06,0,85,500,0,38,NA,NA
KODEX Fn Top10동일가중,9415,0,0,0,85,900,0,11251,NA,NA
TIGER 일본엔선물,10480,45,-0.43,0,84,800,0,4766,NA,NA
TIGER 우선주,13960,40,-0.29,0,84,600,0,688,NA,NA
KBSTAR 헬스케어,16715,100,-0.59,0,84,500,0,553,NA,NA
KINDEX 멕시코MSCI(합성),10435,165,-1.56,0,83,800,0,2971,NA,NA
미래에셋 인버스 에너지화학 Core5 ETN,4145,85,-2.01,0,83,2000,0,2,NA,NA
KB 레버리지 은 선물 ETN(H),16550,0,0,0,83,500,0,0,NA,NA
TIGER 코스피중형주,18250,145,-0.79,0,82,450,1.11,97,NA,NA
대신 아연선물 ETN(H),11730,290,2.53,0,82,700,0,172,NA,NA
신한 인버스 Russell 2000 ETN,8190,150,-1.8,0,82,1000,0,22,NA,NA
TRUE 플래티넘 선물 ETN,8185,100,-1.21,0,82,1000,0,401,NA,NA
하이트진로홀딩스우,17300,0,0,5000,81,471,1.6,380,7.15,NA
ARIRANG KS모멘텀가중TR,16275,20,-0.12,0,81,500,0,20,NA,NA
KBSTAR 미국고정배당우선증권ICE TR,10840,95,-0.87,0,81,750,0,9037,NA,NA
금강공업우,13750,450,3.38,1000,81,590,1.74,3196,51.69,NA
KODEX MSCI모멘텀,13445,0,0,0,81,600,0,0,NA,NA
ARIRANG KS로우사이즈가중TR,17920,65,0.36,0,81,450,0,20,NA,NA
KBSTAR 차이나HSCEI(H),10080,25,0.25,0,81,800,0,10137,NA,NA
TRUE 인버스 2X HSCEI ETN(H),8020,5,-0.06,0,80,1000,0,303,NA,NA
KBSTAR KRX300미국달러선물혼합,15990,10,0.06,0,80,500,0,98,NA,NA
KBSTAR V&S셀렉트밸류,15960,10,0.06,0,80,500,0,5,NA,NA
CJ씨푸드1우,39750,400,1.02,500,80,200,0.46,78,371.5,NA
KODEX 콩선물(H),11345,0,0,0,79,700,0,3277,NA,NA
삼성 HSCEI ETN(H),7930,30,0.38,0,79,1000,0,1672,NA,NA
KINDEX 코스피,31605,5,-0.02,0,79,250,0.01,60,NA,NA
신한 인버스 다우존스지수 선물 ETN(H),3940,45,-1.13,0,79,2000,0,2041,NA,NA
KODEX WTI원유선물인버스(H),8065,90,-1.1,0,79,975,0,57440,NA,NA
ARIRANG 국채선물10년,56045,270,-0.48,0,78,140,0,313,NA,NA
유유제약2우B,24000,250,-1.03,1000,78,326,0.04,270,1333.33,NA
KODEX 200동일가중,13015,55,-0.42,0,78,600,0,175,NA,NA
KBSTAR 차이나항셍테크,8205,50,-0.61,0,78,950,5.32,16275,NA,NA
TIGER K게임,14105,180,-1.26,0,78,550,0,35886,NA,NA
KODEX 삼성그룹밸류,9665,75,-0.77,0,77,800,0,1093,NA,NA
TIGER KTOP30,11030,5,0.05,0,77,700,0.01,575,NA,NA
HANARO 코스닥150선물레버리지,14795,75,-0.5,0,77,520,0.78,1653,NA,NA
KODEX 퀄리티Plus,10980,15,-0.14,0,77,700,0,7051,NA,NA
TIGER 200커버드콜5%OTM,15320,55,0.36,0,77,500,0,1,NA,NA
HANARO Fn K-반도체,9575,45,0.47,0,77,800,0,440,NA,NA
KINDEX Fn K-뉴딜디지털플러스,15205,15,0.1,0,76,500,0,79,NA,NA
KBSTAR 모멘텀로우볼,16615,35,0.21,0,75,450,0,463,NA,NA
KBSTAR 국채선물5년추종,49525,90,-0.18,0,74,150,0,7,NA,NA
HK 베스트일레븐액티브,9900,55,-0.55,0,74,750,0,1038,NA,NA
TIGER 금은선물(H),9250,60,-0.64,0,74,800,0,3717,NA,NA
HANARO Fn K-POP&미디어,9225,15,-0.16,0,74,800,0,4245,NA,NA
TRUE 코스피 커버드풋 ETN B,7360,10,0.14,0,74,1000,0,365,NA,NA
TIGER 라틴35,3475,0,0,0,73,2100,1.35,2187,NA,NA
ARIRANG 국채선물3년,53380,45,-0.08,0,73,136,0,1,NA,NA
KODEX K-이노베이션액티브,11160,50,0.45,0,73,650,0,2884,NA,NA
TIGER 지주회사,12010,35,-0.29,0,72,600,0,197,NA,NA
TIGER 로우볼,12415,40,-0.32,0,72,580,0,3,NA,NA
대신 인버스 2X 니켈선물 ETN(H),3570,15,-0.42,0,71,2000,0,7670,NA,NA
흥국화재우,9280,110,-1.17,5000,71,768,0.83,1606,16.4,NA
HK 하이볼액티브,9455,35,-0.37,0,71,750,0,1262,NA,NA
KOSEF 미국방어배당성장나스닥,11810,0,0,0,71,600,0,1272,NA,NA
HANARO 농업융복합산업,12880,35,0.27,0,71,550,0,270,NA,NA
TIGER 미국달러선물레버리지,10040,15,-0.15,0,70,700,0,8077,NA,NA
TRUE 레버리지 HSCEI ETN(H),7005,5,-0.07,0,70,1000,0,19837,NA,NA
TIGER 차이나항셍25,15560,255,1.67,0,70,450,0,816,NA,NA
TIGER 국채선물3년인버스,49975,0,0,0,70,140,0,0,NA,NA
ARIRANG KS로우볼가중TR,13985,0,0,0,70,500,0,27,NA,NA
KBSTAR 유로스탁스50(H),10755,55,0.51,0,70,650,0,3573,NA,NA
TIGER 경기방어채권혼합,9950,35,-0.35,0,70,700,0,2753,NA,NA
미래에셋 인버스 원유선물혼합 ETN(H),6935,95,-1.35,0,69,1000,0,8573,NA,NA
HANARO Fn K-게임,8615,55,0.64,0,69,800,0,769,NA,NA
삼성 레버리지 항셍테크 ETN(H),6890,140,-1.99,0,69,1000,0,113441,NA,NA
코리아써키트2우B,8760,290,-3.2,500,69,784,0.03,1408,25.1,NA
ARIRANG 스마트베타Quality채권혼합,11285,30,-0.27,0,68,600,0,1352,NA,NA
TIGER 코스피대형주,15015,40,-0.27,0,68,450,0,225,NA,NA
TIGER 200커버드콜ATM,11215,0,0,0,67,600,0,0,NA,NA
ARIRANG 코스피중형주,13385,15,-0.11,0,67,500,0,57,NA,NA
ARIRANG 신흥국MSCI인버스(합성 H),9275,60,-0.64,0,67,720,0,278,NA,NA
파워 고배당저변동성,31715,5,-0.02,0,67,210,0,148,NA,NA
TIGER 200동일가중,13275,0,0,0,66,500,0,0,NA,NA
KB 인버스 2X 나스닥 100 ETN,6635,80,-1.19,0,66,1000,0,10073,NA,NA
TIGER S&P글로벌인프라(합성),10970,35,0.32,0,66,600,0,1019,NA,NA
TIGER 200 경기소비재,18190,100,-0.55,0,65,360,2.46,1648,NA,NA
KODEX 미국채울트라30년선물인버스(H),7270,160,2.25,0,65,900,0,8503,NA,NA
KBSTAR 수출주,12955,95,-0.73,0,65,500,0,298,NA,NA
ARIRANG 탄소효율그린뉴딜,9965,25,-0.25,0,65,650,0,937,NA,NA
ARIRANG 선진국MSCI(합성 H),12455,130,1.05,0,65,520,0,6738,NA,NA
ARIRANG KS퀄리티가중TR,16015,5,-0.03,0,64,400,0,22,NA,NA
KODEX 미국달러선물인버스2X,8960,10,0.11,0,64,710,0,51096,NA,NA
마이티 200커버드콜ATM레버리지,10525,0,0,0,63,600,0,6,NA,NA
TIGER 모멘텀,26275,75,0.29,0,63,240,0,157,NA,NA
ARIRANG 중형주저변동50,12520,50,-0.4,0,63,500,0,173,NA,NA
KINDEX 인버스,4810,15,0.31,0,63,1300,0.38,18040,NA,NA
KBSTAR KRX국채선물3년10년스티프너2X,52045,80,0.15,0,62,120,0,6,NA,NA
신한 인버스 2X Russell 2000 ETN,6200,145,-2.29,0,62,1000,0,2674,NA,NA
JW중외제약우,34800,100,-0.29,2500,62,177,0.29,312,-238.36,NA
KBSTAR KRX국채선물3년10년스티프너,51340,45,0.09,0,62,120,0,46,NA,NA
KG동부제철우,114500,3000,-2.55,5000,61,53,0,98,93.62,NA
삼성 레버리지 HSCEI ETN(H),6105,15,-0.25,0,61,1000,0,16745,NA,NA
HK S&P코리아로우볼,12605,0,0,0,60,480,0,0,NA,NA
파워 중기국고채,99655,0,0,0,60,60,0,0,NA,NA
KBSTAR KRX국채선물3년10년플래트너,49740,40,-0.08,0,60,120,0,36,NA,NA
TRUE 인버스 2X 유로스탁스50 ETN(H),2980,25,-0.83,0,60,2000,0,1972,NA,NA
ARIRANG S&P글로벌인프라,11820,10,-0.08,0,59,500,0,292,NA,NA
신한 인버스 2X S&P500 선물 ETN,2950,55,-1.83,0,59,2000,0,34046,NA,NA
KBSTAR 200고배당커버드콜ATM,8395,25,-0.3,0,59,700,0,379,NA,NA
KBSTAR KRX국채선물3년10년플래트너2X,48895,75,-0.15,0,59,120,0,6,NA,NA
KBSTAR 200경기소비재,11275,90,-0.79,0,59,520,0,703,NA,NA
KBSTAR 미국장기국채선물(H),11720,155,-1.31,0,59,500,0,868,NA,NA
KBSTAR 중소형고배당,12965,65,-0.5,0,58,450,0,4493,NA,NA
TIGER 국채선물10년인버스,48455,0,0,0,58,120,0,0,NA,NA
TRUE 인버스 유로스탁스50 ETN(H) B,5770,20,-0.35,0,58,1000,0,219,NA,NA
TIGER 방송통신,10675,30,0.28,0,58,540,0,5176,NA,NA
성문전자우,9570,130,-1.34,500,57,600,2.18,1690,299.06,NA
SOL 중국본토 중소형 CSI500(합성 H),6330,105,-1.63,0,57,900,0,3951,NA,NA
KINDEX 필리핀MSCI(합성),14060,60,0.43,0,56,400,0,12,NA,NA
HANARO KAP초장기국고채,46025,465,-1,0,56,122,0,2791,NA,NA
KBSTAR 200중공업,10360,80,-0.77,0,56,540,0,3273,NA,NA
대신 인버스 아연선물 ETN(H),7980,220,-2.68,0,56,700,0,221,NA,NA
JW중외제약2우B,60000,500,-0.83,2500,56,93,0.53,355,-410.96,NA
신한 인버스 2X 금 선물 ETN,5525,50,0.91,0,55,1000,0,3098,NA,NA
KODEX 멀티에셋하이인컴(H),11025,40,-0.36,0,55,500,0,19,NA,NA
KODEX MSCI퀄리티,10770,0,0,0,54,500,0,61,NA,NA
진흥기업우B,6170,60,-0.96,500,53,857,0.1,1347,19.34,NA
KODEX 미국달러선물인버스,9740,0,0,0,52,530,0,16218,NA,NA
신원우,56800,10100,21.63,500,52,91,0.55,17030,1577.78,NA
동양우,8290,80,-0.96,500,51,618,0.29,4195,-120.14,NA
TIGER 금속선물(H),7300,125,1.74,0,51,700,0,2928,NA,NA
KODEX 국채선물3년인버스,49910,0,0,0,51,102,0,0,NA,NA
KBSTAR 차이나H선물인버스(H),11275,25,0.22,0,51,450,0,588,NA,NA
ARIRANG KRX300헬스케어,13330,210,-1.55,0,51,380,0,665,NA,NA
ARIRANG ESG우수기업,10020,25,-0.25,0,50,500,0,1090,NA,NA
KINDEX 국채선물3년인버스,99830,0,0,0,50,50,0,0,NA,NA
TIGER 200커뮤니케이션서비스,31055,160,0.52,0,50,160,0,219,NA,NA
동양2우B,16100,300,-1.83,500,50,309,0,1535,-233.33,NA
KINDEX 차이나항셍테크,8085,50,-0.61,0,49,600,6.35,10446,NA,NA
ARIRANG 200동일가중,11960,15,-0.13,0,48,400,0,29,NA,NA
KINDEX 국채선물10년인버스,95665,0,0,0,48,50,0,0,NA,NA
미래에셋 인버스 전기전자 Core5 ETN,2355,15,0.64,0,47,2000,0,1108,NA,NA
TIGER 가격조정,25970,0,0,0,47,180,0,0,NA,NA
TIGER 증권,4770,10,-0.21,0,47,980,0.16,10969,NA,NA
진흥기업2우B,15800,0,0,500,47,295,0.62,1860,49.53,NA
KBSTAR 200건설,13540,225,-1.63,0,46,340,0,1655,NA,NA
ARIRANG 주도업종,11495,65,0.57,0,46,400,0,61,NA,NA
KBSTAR 코스닥150선물인버스,4370,0,0,0,46,1050,0,3197,NA,NA
ARIRANG 코스닥150선물인버스,6555,10,0.15,0,46,700,0,18054,NA,NA
KBSTAR 팔라듐선물(H),11410,75,-0.65,0,46,400,0,5394,NA,NA
흥국화재2우B,29600,350,1.2,5000,45,154,0.57,1303,52.3,NA
KODEX 골드선물인버스(H),7400,25,0.34,0,44,600,0,4401,NA,NA
KOSEF 200선물인버스,5080,15,0.3,0,43,850,0.04,11028,NA,NA
TRUE 인버스 나스닥 100 ETN,4280,40,-0.93,0,43,1000,0,2758,NA,NA
신한 인버스 브렌트원유 선물 ETN(H),4260,60,-1.39,0,43,1000,0,291,NA,NA
QV 인버스 레버리지 WTI원유 선물 ETN(H),415,10,-2.35,0,42,10000,0,285607,NA,NA
KBSTAR 미국장기국채선물레버리지(합성 H),13735,450,-3.17,0,41,300,0,109,NA,NA
TIGER 200 산업재,7225,60,-0.82,0,40,560,1.7,2505,NA,NA
KBSTAR 국채선물10년인버스,47955,205,0.43,0,40,84,0,70,NA,NA
KOSEF 코스닥150선물인버스,7510,5,0.07,0,40,530,0,14304,NA,NA
KBSTAR 미국장기국채선물인버스(H),7890,120,1.54,0,39,500,0,7436,NA,NA
TIGER 200 생활소비재,10905,80,-0.73,0,39,360,0,14550,NA,NA
QV 인버스 레버리지 S&P500 ETN,1960,40,-2,0,39,2000,0,2117,NA,NA
KBSTAR 우량업종,12550,0,0,0,38,300,0,40,NA,NA
TIGER 원유선물인버스(H),5605,90,-1.58,0,36,650,0,8129,NA,NA
KBSTAR 200에너지화학,14270,60,-0.42,0,34,240,0,1081,NA,NA
동양3우B,38100,900,-2.31,500,34,90,0.08,1342,-552.17,NA
대신 인버스 니켈선물 ETN(H),4675,5,0.11,0,33,700,0,6,NA,NA
KBSTAR 미국장기국채선물인버스2X(합성 H),5865,135,2.36,0,32,550,0,2581,NA,NA
KODEX MSCI EM선물(H),10200,50,0.49,0,31,300,0,30116,NA,NA
KBSTAR 200금융,8970,130,1.47,0,30,340,0,3787,NA,NA
KBSTAR 200철강소재,9490,35,-0.37,0,30,320,0,493,NA,NA
ARIRANG 코스닥150,15140,50,-0.33,0,30,200,0,22,NA,NA
KBSTAR 모멘텀밸류,14825,35,-0.24,0,30,200,0,234,NA,NA
KBSTAR 국채선물10년,55140,245,-0.44,0,25,46,0,146,NA,NA
KBSTAR 팔라듐선물인버스(H),5685,35,0.62,0,23,400,0,1736,NA,NA
KBSTAR 200생활소비재,8280,65,-0.78,0,20,240,0,778,NA,NA
KINDEX 배당성장,41365,0,0,0,17,40,0,0,NA,NA
KBSTAR 200산업재,12870,110,-0.85,0,15,120,0,290,NA,NA
